season,date,matchday,home_team,away_team,home_goals,away_goals,home_xg,away_xg
2023/2024,2023-08-11,1,Burnley FC,Manchester City FC,0,3,0.311032,2.40074
2023/2024,2023-08-12,1,Arsenal FC,Nottingham Forest FC,2,1,0.84262,0.966305
2023/2024,2023-08-12,1,AFC Bournemouth,West Ham United FC,1,1,1.51025,1.4834
2023/2024,2023-08-12,1,Brighton & Hove Albion FC,Luton Town FC,4,1,4.36748,1.88594
2023/2024,2023-08-12,1,Everton FC,Fulham FC,0,1,2.59001,1.58144
2023/2024,2023-08-12,1,Sheffield United FC,Crystal Palace FC,0,1,0.422704,2.27616
2023/2024,2023-08-12,1,Newcastle United FC,Aston Villa FC,5,1,4.32208,1.486
2023/2024,2023-08-13,1,Brentford FC,Tottenham Hotspur FC,2,2,1.90756,1.45316
2023/2024,2023-08-13,1,Chelsea FC,Liverpool FC,1,1,1.93258,1.29994
2023/2024,2023-08-14,1,Manchester United FC,Wolverhampton Wanderers FC,1,0,1.97087,1.72228
2023/2024,2023-08-18,2,Nottingham Forest FC,Sheffield United FC,2,1,1.37181,0.551038
2023/2024,2023-08-19,2,Fulham FC,Brentford FC,0,3,0.399899,3.46888
2023/2024,2023-08-19,2,Liverpool FC,AFC Bournemouth,3,1,3.25448,1.3867
2023/2024,2023-08-19,2,Wolverhampton Wanderers FC,Brighton & Hove Albion FC,1,4,2.68821,3.15562
2023/2024,2023-08-19,2,Tottenham Hotspur FC,Manchester United FC,2,0,2.53904,2.44604
2023/2024,2023-08-19,2,Manchester City FC,Newcastle United FC,1,0,1.22528,0.257154
2023/2024,2023-08-20,2,Aston Villa FC,Everton FC,4,0,3.24336,0.721465
2023/2024,2023-08-20,2,West Ham United FC,Chelsea FC,3,1,1.71234,1.60916
2023/2024,2023-08-21,2,Crystal Palace FC,Arsenal FC,0,1,1.06916,2.20593
2023/2024,2023-08-25,3,Chelsea FC,Luton Town FC,3,0,3.41419,0.465741
2023/2024,2023-08-26,3,AFC Bournemouth,Tottenham Hotspur FC,0,2,0.483582,2.26115
2023/2024,2023-08-26,3,Everton FC,Wolverhampton Wanderers FC,0,1,1.89792,1.40228
2023/2024,2023-08-26,3,Manchester United FC,Nottingham Forest FC,3,2,3.02803,0.960354
2023/2024,2023-08-26,3,Arsenal FC,Fulham FC,2,2,3.23088,0.849817
2023/2024,2023-08-26,3,Brentford FC,Crystal Palace FC,1,1,0.948011,1.06061
2023/2024,2023-08-26,3,Brighton & Hove Albion FC,West Ham United FC,1,3,1.3743,2.9527
2023/2024,2023-08-27,3,Sheffield United FC,Manchester City FC,1,2,0.762232,3.84804
2023/2024,2023-08-27,3,Burnley FC,Aston Villa FC,1,3,0.630605,2.83691
2023/2024,2023-08-27,3,Newcastle United FC,Liverpool FC,1,2,1.62037,0.856121
2023/2024,2023-09-01,4,Luton Town FC,West Ham United FC,1,2,2.02244,1.22528
2023/2024,2023-09-02,4,Sheffield United FC,Everton FC,2,2,1.575,2.73871
2023/2024,2023-09-02,4,Brentford FC,AFC Bournemouth,2,2,3.07185,2.11013
2023/2024,2023-09-02,4,Burnley FC,Tottenham Hotspur FC,2,5,1.66604,2.39785
2023/2024,2023-09-02,4,Chelsea FC,Nottingham Forest FC,0,1,2.28442,1.1505
2023/2024,2023-09-02,4,Manchester City FC,Fulham FC,5,1,2.00152,1.46427
2023/2024,2023-09-02,4,Brighton & Hove Albion FC,Newcastle United FC,3,1,1.32258,0.90476
2023/2024,2023-09-03,4,Crystal Palace FC,Wolverhampton Wanderers FC,3,2,2.32935,1.13911
2023/2024,2023-09-03,4,Liverpool FC,Aston Villa FC,3,0,2.73138,0.615503
2023/2024,2023-09-03,4,Arsenal FC,Manchester United FC,3,1,1.90973,0.966109
2023/2024,2023-09-16,5,Wolverhampton Wanderers FC,Liverpool FC,1,3,0.538833,2.82701
2023/2024,2023-09-16,5,Aston Villa FC,Crystal Palace FC,3,1,2.31518,1.11696
2023/2024,2023-09-16,5,Fulham FC,Luton Town FC,1,0,1.75704,1.45705
2023/2024,2023-09-16,5,Manchester United FC,Brighton & Hove Albion FC,1,3,0.719951,1.93908
2023/2024,2023-09-16,5,Tottenham Hotspur FC,Sheffield United FC,2,1,2.15909,0.790655
2023/2024,2023-09-16,5,West Ham United FC,Manchester City FC,1,3,0.895632,4.15046
2023/2024,2023-09-16,5,Newcastle United FC,Brentford FC,1,0,1.50126,0.633678
2023/2024,2023-09-17,5,AFC Bournemouth,Chelsea FC,0,0,1.32515,1.39677
2023/2024,2023-09-17,5,Everton FC,Arsenal FC,0,1,0.28317,0.802605
2023/2024,2023-09-18,5,Nottingham Forest FC,Burnley FC,1,1,0.705795,0.807651
2023/2024,2023-09-23,6,Crystal Palace FC,Fulham FC,0,0,0.37236,0.542678
2023/2024,2023-09-23,6,Luton Town FC,Wolverhampton Wanderers FC,1,1,2.24101,0.762984
2023/2024,2023-09-23,6,Manchester City FC,Nottingham Forest FC,2,0,1.33984,0.729109
2023/2024,2023-09-23,6,Brentford FC,Everton FC,1,3,1.57402,2.51497
2023/2024,2023-09-23,6,Burnley FC,Manchester United FC,0,1,0.935444,0.840273
2023/2024,2023-09-24,6,Arsenal FC,Tottenham Hotspur FC,2,2,2.3429,2.21166
2023/2024,2023-09-24,6,Brighton & Hove Albion FC,AFC Bournemouth,3,1,2.14533,1.58984
2023/2024,2023-09-24,6,Chelsea FC,Aston Villa FC,0,1,1.19716,1.13479
2023/2024,2023-09-24,6,Liverpool FC,West Ham United FC,3,1,4.14262,1.53878
2023/2024,2023-09-24,6,Sheffield United FC,Newcastle United FC,0,8,0.579392,5.1082
2023/2024,2023-09-30,7,Aston Villa FC,Brighton & Hove Albion FC,6,1,1.90746,1.72819
2023/2024,2023-09-30,7,AFC Bournemouth,Arsenal FC,0,4,0.644443,4.0742
2023/2024,2023-09-30,7,Everton FC,Luton Town FC,1,2,3.65377,1.5102
2023/2024,2023-09-30,7,Manchester United FC,Crystal Palace FC,0,1,1.55408,1.19015
2023/2024,2023-09-30,7,Newcastle United FC,Burnley FC,2,0,3.08516,0.801849
2023/2024,2023-09-30,7,West Ham United FC,Sheffield United FC,2,0,3.19753,0.911997
2023/2024,2023-09-30,7,Wolverhampton Wanderers FC,Manchester City FC,2,1,0.673985,0.98075
2023/2024,2023-09-30,7,Tottenham Hotspur FC,Liverpool FC,2,1,2.18823,1.12299
2023/2024,2023-10-01,7,Nottingham Forest FC,Brentford FC,1,1,0.800317,1.75862
2023/2024,2023-10-02,7,Fulham FC,Chelsea FC,0,2,0.889383,1.98461
2023/2024,2023-10-03,2,Luton Town FC,Burnley FC,1,2,1.53058,0.920206
2023/2024,2023-10-07,8,Luton Town FC,Tottenham Hotspur FC,0,1,0.848118,2.37947
2023/2024,2023-10-07,8,Burnley FC,Chelsea FC,1,4,0.956642,1.97566
2023/2024,2023-10-07,8,Everton FC,AFC Bournemouth,3,0,3.16482,0.981732
2023/2024,2023-10-07,8,Fulham FC,Sheffield United FC,3,1,2.26612,0.251809
2023/2024,2023-10-07,8,Manchester United FC,Brentford FC,2,1,1.29356,1.02509
2023/2024,2023-10-07,8,Crystal Palace FC,Nottingham Forest FC,0,0,0.982452,1.22105
2023/2024,2023-10-08,8,Brighton & Hove Albion FC,Liverpool FC,2,2,2.23187,2.51029
2023/2024,2023-10-08,8,West Ham United FC,Newcastle United FC,2,2,0.931345,1.97865
2023/2024,2023-10-08,8,Wolverhampton Wanderers FC,Aston Villa FC,1,1,1.76232,1.81618
2023/2024,2023-10-08,8,Arsenal FC,Manchester City FC,1,0,0.386558,0.858071
2023/2024,2023-10-21,9,Liverpool FC,Everton FC,2,0,2.28568,0.0937725
2023/2024,2023-10-21,9,AFC Bournemouth,Wolverhampton Wanderers FC,1,2,1.01839,2.30454
2023/2024,2023-10-21,9,Brentford FC,Burnley FC,3,0,3.15685,0.693129
2023/2024,2023-10-21,9,Manchester City FC,Brighton & Hove Albion FC,2,1,0.962509,0.963733
2023/2024,2023-10-21,9,Newcastle United FC,Crystal Palace FC,4,0,3.73336,1.08795
2023/2024,2023-10-21,9,Nottingham Forest FC,Luton Town FC,2,2,3.27549,1.49555
2023/2024,2023-10-21,9,Chelsea FC,Arsenal FC,2,2,1.71838,1.05791
2023/2024,2023-10-21,9,Sheffield United FC,Manchester United FC,1,2,1.41074,1.46187
2023/2024,2023-10-22,9,Aston Villa FC,West Ham United FC,4,1,2.34143,0.659622
2023/2024,2023-10-23,9,Tottenham Hotspur FC,Fulham FC,2,0,1.63523,0.745838
2023/2024,2023-10-27,10,Crystal Palace FC,Tottenham Hotspur FC,1,2,0.561834,0.989103
2023/2024,2023-10-28,10,Chelsea FC,Brentford FC,0,2,1.71801,2.48137
2023/2024,2023-10-28,10,AFC Bournemouth,Burnley FC,2,1,1.10052,0.90255
2023/2024,2023-10-28,10,Arsenal FC,Sheffield United FC,5,0,3.03496,0.0281554
2023/2024,2023-10-28,10,Wolverhampton Wanderers FC,Newcastle United FC,2,2,0.863393,2.31987
2023/2024,2023-10-29,10,West Ham United FC,Everton FC,0,1,0.618578,0.733813
2023/2024,2023-10-29,10,Aston Villa FC,Luton Town FC,3,1,3.07654,0.453117
2023/2024,2023-10-29,10,Brighton & Hove Albion FC,Fulham FC,1,1,1.31996,0.552523
2023/2024,2023-10-29,10,Liverpool FC,Nottingham Forest FC,3,0,2.70428,0.642014
2023/2024,2023-10-29,10,Manchester United FC,Manchester City FC,0,3,0.714628,4.54595
2023/2024,2023-11-04,11,Fulham FC,Manchester United FC,0,1,1.18241,0.697095
2023/2024,2023-11-04,11,Brentford FC,West Ham United FC,3,2,1.82944,1.75505
2023/2024,2023-11-04,11,Burnley FC,Crystal Palace FC,0,2,1.4998,1.43653
2023/2024,2023-11-04,11,Everton FC,Brighton & Hove Albion FC,1,1,0.617607,0.442489
2023/2024,2023-11-04,11,Manchester City FC,AFC Bournemouth,6,1,2.39949,0.643127
2023/2024,2023-11-04,11,Sheffield United FC,Wolverhampton Wanderers FC,2,1,1.10165,1.14803
2023/2024,2023-11-04,11,Newcastle United FC,Arsenal FC,1,0,1.12355,0.535473
2023/2024,2023-11-05,11,Nottingham Forest FC,Aston Villa FC,2,0,0.592447,1.33116
2023/2024,2023-11-05,11,Luton Town FC,Liverpool FC,1,1,1.3411,3.03925
2023/2024,2023-11-06,11,Tottenham Hotspur FC,Chelsea FC,1,4,0.959108,4.05865
2023/2024,2023-11-11,12,Wolverhampton Wanderers FC,Tottenham Hotspur FC,2,1,1.90884,0.432315
2023/2024,2023-11-11,12,Arsenal FC,Burnley FC,3,1,2.63194,0.327706
2023/2024,2023-11-11,12,Crystal Palace FC,Everton FC,2,3,1.89194,1.7904
2023/2024,2023-11-11,12,Manchester United FC,Luton Town FC,1,0,2.74105,0.408265
2023/2024,2023-11-11,12,AFC Bournemouth,Newcastle United FC,2,0,2.78424,0.306141
2023/2024,2023-11-12,12,Aston Villa FC,Fulham FC,3,1,2.86039,0.648745
2023/2024,2023-11-12,12,Brighton & Hove Albion FC,Sheffield United FC,1,1,1.08601,0.84434
2023/2024,2023-11-12,12,Liverpool FC,Brentford FC,3,0,1.56004,1.44954
2023/2024,2023-11-12,12,West Ham United FC,Nottingham Forest FC,3,2,2.06402,1.42128
2023/2024,2023-11-12,12,Chelsea FC,Manchester City FC,4,4,3.47238,3.19324
2023/2024,2023-11-25,13,Manchester City FC,Liverpool FC,1,1,1.79622,0.766278
2023/2024,2023-11-25,13,Burnley FC,West Ham United FC,1,2,1.44228,1.36963
2023/2024,2023-11-25,13,Luton Town FC,Crystal Palace FC,2,1,0.996153,1.83546
2023/2024,2023-11-25,13,Newcastle United FC,Chelsea FC,4,1,2.15227,0.968061
2023/2024,2023-11-25,13,Nottingham Forest FC,Brighton & Hove Albion FC,2,3,2.22655,1.21792
2023/2024,2023-11-25,13,Sheffield United FC,AFC Bournemouth,1,3,0.816227,3.13975
2023/2024,2023-11-25,13,Brentford FC,Arsenal FC,0,1,1.66315,1.82699
2023/2024,2023-11-26,13,Tottenham Hotspur FC,Aston Villa FC,1,2,2.22542,2.39755
2023/2024,2023-11-26,13,Everton FC,Manchester United FC,0,3,2.49764,2.07334
2023/2024,2023-11-27,13,Fulham FC,Wolverhampton Wanderers FC,3,2,2.49057,1.57875
2023/2024,2023-12-02,14,Arsenal FC,Wolverhampton Wanderers FC,2,1,3.30368,1.07886
2023/2024,2023-12-02,14,Brentford FC,Luton Town FC,3,1,3.25952,0.227176
2023/2024,2023-12-02,14,Burnley FC,Sheffield United FC,5,0,2.60469,0.618131
2023/2024,2023-12-02,14,Nottingham Forest FC,Everton FC,0,1,0.673085,0.623789
2023/2024,2023-12-02,14,Newcastle United FC,Manchester United FC,1,0,2.90191,0.422674
2023/2024,2023-12-03,14,AFC Bournemouth,Aston Villa FC,2,2,2.54937,0.89511
2023/2024,2023-12-03,14,Chelsea FC,Brighton & Hove Albion FC,3,2,1.66304,0.855058
2023/2024,2023-12-03,14,Liverpool FC,Fulham FC,4,3,2.72831,1.51005
2023/2024,2023-12-03,14,West Ham United FC,Crystal Palace FC,1,1,1.1466,0.987682
2023/2024,2023-12-03,14,Manchester City FC,Tottenham Hotspur FC,3,3,2.90729,0.433077
2023/2024,2023-12-05,15,Wolverhampton Wanderers FC,Burnley FC,1,0,1.11886,0.781542
2023/2024,2023-12-05,15,Luton Town FC,Arsenal FC,3,4,0.526254,2.58815
2023/2024,2023-12-06,15,Brighton & Hove Albion FC,Brentford FC,2,1,1.54099,1.22007
2023/2024,2023-12-06,15,Fulham FC,Nottingham Forest FC,5,0,3.09427,0.218659
2023/2024,2023-12-06,15,Sheffield United FC,Liverpool FC,0,2,0.834172,1.80116
2023/2024,2023-12-06,15,Crystal Palace FC,AFC Bournemouth,0,2,1.26441,1.79997
2023/2024,2023-12-06,15,Aston Villa FC,Manchester City FC,1,0,2.1922,1.00198
2023/2024,2023-12-06,15,Manchester United FC,Chelsea FC,2,1,4.03949,2.3512
2023/2024,2023-12-07,15,Everton FC,Newcastle United FC,3,0,2.95393,1.29564
2023/2024,2023-12-07,15,Tottenham Hotspur FC,West Ham United FC,1,2,1.61268,1.7409
2023/2024,2023-12-09,16,Crystal Palace FC,Liverpool FC,1,2,1.79152,1.3708
2023/2024,2023-12-09,16,Brighton & Hove Albion FC,Burnley FC,1,1,2.96247,1.05162
2023/2024,2023-12-09,16,Manchester United FC,AFC Bournemouth,0,3,1.11296,1.9742
2023/2024,2023-12-09,16,Sheffield United FC,Brentford FC,1,0,0.841976,0.644638
2023/2024,2023-12-09,16,Wolverhampton Wanderers FC,Nottingham Forest FC,1,1,1.02199,1.21801
2023/2024,2023-12-09,16,Aston Villa FC,Arsenal FC,1,0,0.628499,1.71667
2023/2024,2023-12-10,16,Everton FC,Chelsea FC,2,0,1.11437,0.885512
2023/2024,2023-12-10,16,Fulham FC,West Ham United FC,5,0,2.1884,0.983
2023/2024,2023-12-10,16,Luton Town FC,Manchester City FC,1,2,0.689037,2.23353
2023/2024,2023-12-10,16,Tottenham Hotspur FC,Newcastle United FC,4,1,4.40118,1.61368
2023/2024,2023-12-15,17,Nottingham Forest FC,Tottenham Hotspur FC,0,2,1.70569,1.60738
2023/2024,2023-12-16,17,Chelsea FC,Sheffield United FC,2,0,3.27322,0.44014
2023/2024,2023-12-16,17,Manchester City FC,Crystal Palace FC,2,2,2.41646,1.64977
2023/2024,2023-12-16,17,Newcastle United FC,Fulham FC,3,0,4.27933,0.471042
2023/2024,2023-12-16,17,Burnley FC,Everton FC,0,2,0.811435,2.22305
2023/2024,2023-12-17,17,Arsenal FC,Brighton & Hove Albion FC,2,0,2.76976,0.663054
2023/2024,2023-12-17,17,Brentford FC,Aston Villa FC,1,2,0.796812,1.4664
2023/2024,2023-12-17,17,West Ham United FC,Wolverhampton Wanderers FC,3,0,1.03828,0.556206
2023/2024,2023-12-17,17,Liverpool FC,Manchester United FC,0,0,1.97111,0.632715
2023/2024,2023-12-21,18,Crystal Palace FC,Brighton & Hove Albion FC,1,1,1.65409,1.33653
2023/2024,2023-12-22,18,Aston Villa FC,Sheffield United FC,1,1,1.21861,0.646159
2023/2024,2023-12-23,18,West Ham United FC,Manchester United FC,2,0,1.51468,0.730496
2023/2024,2023-12-23,18,Fulham FC,Burnley FC,0,2,1.38096,0.41714
2023/2024,2023-12-23,18,Luton Town FC,Newcastle United FC,1,0,1.81844,1.41488
2023/2024,2023-12-23,18,Nottingham Forest FC,AFC Bournemouth,2,3,0.791806,1.89067
2023/2024,2023-12-23,18,Tottenham Hotspur FC,Everton FC,2,1,1.57527,1.98385
2023/2024,2023-12-23,18,Liverpool FC,Arsenal FC,1,1,0.982901,0.851681
2023/2024,2023-12-24,18,Wolverhampton Wanderers FC,Chelsea FC,2,1,1.74626,1.75447
2023/2024,2023-12-26,19,Newcastle United FC,Nottingham Forest FC,1,3,2.79106,3.1074
2023/2024,2023-12-26,19,AFC Bournemouth,Fulham FC,3,0,2.07911,0.324365
2023/2024,2023-12-26,19,Sheffield United FC,Luton Town FC,2,3,3.61788,0.715575
2023/2024,2023-12-26,19,Burnley FC,Liverpool FC,0,2,0.972389,1.68451
2023/2024,2023-12-26,19,Manchester United FC,Aston Villa FC,3,2,1.20104,1.83637
2023/2024,2023-12-27,19,Brentford FC,Wolverhampton Wanderers FC,1,4,2.59347,1.89483
2023/2024,2023-12-27,19,Chelsea FC,Crystal Palace FC,2,1,2.73005,0.958077
2023/2024,2023-12-27,19,Everton FC,Manchester City FC,1,3,1.23529,2.28321
2023/2024,2023-12-28,19,Brighton & Hove Albion FC,Tottenham Hotspur FC,4,2,3.84702,2.06955
2023/2024,2023-12-28,19,Arsenal FC,West Ham United FC,0,2,2.7884,1.59711
2023/2024,2023-12-30,20,Luton Town FC,Chelsea FC,2,3,2.64093,1.57463
2023/2024,2023-12-30,20,Aston Villa FC,Burnley FC,3,2,2.92587,1.11923
2023/2024,2023-12-30,20,Crystal Palace FC,Brentford FC,3,1,1.61057,1.28731
2023/2024,2023-12-30,20,Manchester City FC,Sheffield United FC,2,0,2.24229,0.263211
2023/2024,2023-12-30,20,Wolverhampton Wanderers FC,Everton FC,3,0,2.64477,0.519641
2023/2024,2023-12-30,20,Nottingham Forest FC,Manchester United FC,2,1,0.744348,0.651905
2023/2024,2023-12-31,20,Fulham FC,Arsenal FC,2,1,1.52829,1.6591
2023/2024,2023-12-31,20,Tottenham Hotspur FC,AFC Bournemouth,3,1,2.15027,1.58229
2023/2024,2024-01-01,20,Liverpool FC,Newcastle United FC,4,2,6.67151,0.910974
2023/2024,2024-01-02,20,West Ham United FC,Brighton & Hove Albion FC,0,0,0.9831,2.1552
2023/2024,2024-01-12,21,Burnley FC,Luton Town FC,1,1,1.52023,0.965167
2023/2024,2024-01-13,21,Chelsea FC,Fulham FC,1,0,2.0456,0.697847
2023/2024,2024-01-13,21,Newcastle United FC,Manchester City FC,2,3,1.23638,2.55452
2023/2024,2024-01-14,21,Everton FC,Aston Villa FC,0,0,1.03664,1.3435
2023/2024,2024-01-14,21,Manchester United FC,Tottenham Hotspur FC,2,2,0.923233,1.31224
2023/2024,2024-01-20,21,Arsenal FC,Crystal Palace FC,5,0,3.52167,0.288083
2023/2024,2024-01-20,21,Brentford FC,Nottingham Forest FC,3,2,1.94219,1.22251
2023/2024,2024-01-21,21,Sheffield United FC,West Ham United FC,2,2,2.61362,2.4241
2023/2024,2024-01-21,21,AFC Bournemouth,Liverpool FC,0,4,0.834585,1.53344
2023/2024,2024-01-22,21,Brighton & Hove Albion FC,Wolverhampton Wanderers FC,0,0,1.3701,1.14116
2023/2024,2024-01-30,22,Nottingham Forest FC,Arsenal FC,1,2,0.631618,1.39143
2023/2024,2024-01-30,22,Luton Town FC,Brighton & Hove Albion FC,4,0,3.63312,1.01366
2023/2024,2024-01-30,22,Fulham FC,Everton FC,0,0,2.37499,2.83317
2023/2024,2024-01-30,22,Crystal Palace FC,Sheffield United FC,3,2,1.1601,0.768467
2023/2024,2024-01-30,22,Aston Villa FC,Newcastle United FC,1,3,1.44485,3.3224
2023/2024,2024-01-31,22,Tottenham Hotspur FC,Brentford FC,3,2,3.36194,1.59637
2023/2024,2024-01-31,22,Manchester City FC,Burnley FC,3,1,1.84756,1.49114
2023/2024,2024-01-31,22,Liverpool FC,Chelsea FC,4,1,3.6627,0.477972
2023/2024,2024-02-01,22,West Ham United FC,AFC Bournemouth,1,1,1.3128,1.13487
2023/2024,2024-02-01,22,Wolverhampton Wanderers FC,Manchester United FC,3,4,2.27609,3.22698
2023/2024,2024-02-03,23,Everton FC,Tottenham Hotspur FC,2,2,3.25881,0.922371
2023/2024,2024-02-03,23,Brighton & Hove Albion FC,Crystal Palace FC,4,1,1.92591,0.241137
2023/2024,2024-02-03,23,Burnley FC,Fulham FC,2,2,1.00428,1.28806
2023/2024,2024-02-03,23,Newcastle United FC,Luton Town FC,4,4,2.37353,2.67463
2023/2024,2024-02-03,23,Sheffield United FC,Aston Villa FC,0,5,1.52784,2.99015
2023/2024,2024-02-04,23,AFC Bournemouth,Nottingham Forest FC,1,1,1.1895,0.456548
2023/2024,2024-02-04,23,Chelsea FC,Wolverhampton Wanderers FC,2,4,2.35967,2.48996
2023/2024,2024-02-04,23,Manchester United FC,West Ham United FC,3,0,0.96721,1.1807
2023/2024,2024-02-04,23,Arsenal FC,Liverpool FC,3,1,2.8526,0.542052
2023/2024,2024-02-05,23,Brentford FC,Manchester City FC,1,3,0.865741,2.10785
2023/2024,2024-02-10,24,Manchester City FC,Everton FC,2,0,1.58971,0.192072
2023/2024,2024-02-10,24,Fulham FC,AFC Bournemouth,3,1,1.7456,2.60612
2023/2024,2024-02-10,24,Liverpool FC,Burnley FC,3,1,3.14734,1.11123
2023/2024,2024-02-10,24,Luton Town FC,Sheffield United FC,1,3,1.76215,1.98283
2023/2024,2024-02-10,24,Tottenham Hotspur FC,Brighton & Hove Albion FC,2,1,2.10928,1.49285
2023/2024,2024-02-10,24,Wolverhampton Wanderers FC,Brentford FC,0,2,1.05781,1.84908
2023/2024,2024-02-10,24,Nottingham Forest FC,Newcastle United FC,2,3,0.968075,0.511375
2023/2024,2024-02-11,24,West Ham United FC,Arsenal FC,0,6,0.191065,3.99893
2023/2024,2024-02-11,24,Aston Villa FC,Manchester United FC,1,2,2.64675,2.44591
2023/2024,2024-02-12,24,Crystal Palace FC,Chelsea FC,1,3,0.719516,1.26948
2023/2024,2024-02-17,25,Brentford FC,Liverpool FC,1,4,1.69518,3.08952
2023/2024,2024-02-17,25,Burnley FC,Arsenal FC,0,5,0.335143,2.20575
2023/2024,2024-02-17,25,Fulham FC,Aston Villa FC,1,2,1.41796,1.57297
2023/2024,2024-02-17,25,Newcastle United FC,AFC Bournemouth,2,2,2.38425,2.08098
2023/2024,2024-02-17,25,Nottingham Forest FC,West Ham United FC,2,0,2.66942,0.520016
2023/2024,2024-02-17,25,Tottenham Hotspur FC,Wolverhampton Wanderers FC,1,2,1.59768,1.77591
2023/2024,2024-02-17,25,Manchester City FC,Chelsea FC,1,1,2.77713,1.82903
2023/2024,2024-02-18,25,Sheffield United FC,Brighton & Hove Albion FC,0,5,0.586214,3.35549
2023/2024,2024-02-18,25,Luton Town FC,Manchester United FC,1,2,1.57234,3.58973
2023/2024,2024-02-19,25,Everton FC,Crystal Palace FC,1,1,2.44588,0.734685
2023/2024,2024-02-20,18,Manchester City FC,Brentford FC,1,0,2.53766,0.503799
2023/2024,2024-02-21,26,Liverpool FC,Luton Town FC,4,1,3.70302,0.956512
2023/2024,2024-02-24,26,Aston Villa FC,Nottingham Forest FC,4,2,3.48861,2.25569
2023/2024,2024-02-24,26,Brighton & Hove Albion FC,Everton FC,1,1,1.6538,0.286655
2023/2024,2024-02-24,26,Crystal Palace FC,Burnley FC,3,0,2.41612,0.0760216
2023/2024,2024-02-24,26,Manchester United FC,Fulham FC,1,2,1.96036,1.1385
2023/2024,2024-02-24,26,AFC Bournemouth,Manchester City FC,0,1,0.925889,1.79636
2023/2024,2024-02-24,26,Arsenal FC,Newcastle United FC,4,1,2.59336,0.217373
2023/2024,2024-02-25,26,Wolverhampton Wanderers FC,Sheffield United FC,1,0,1.21618,0.654342
2023/2024,2024-02-26,26,West Ham United FC,Brentford FC,4,2,2.06873,1.33683
2023/2024,2024-03-02,27,Brentford FC,Chelsea FC,2,2,2.4732,2.1523
2023/2024,2024-03-02,27,Everton FC,West Ham United FC,1,3,3.12075,2.17948
2023/2024,2024-03-02,27,Fulham FC,Brighton & Hove Albion FC,3,0,1.37604,1.15198
2023/2024,2024-03-02,27,Newcastle United FC,Wolverhampton Wanderers FC,3,0,3.33495,0.507769
2023/2024,2024-03-02,27,Nottingham Forest FC,Liverpool FC,0,1,0.971466,1.32259
2023/2024,2024-03-02,27,Tottenham Hotspur FC,Crystal Palace FC,3,1,2.6625,0.277887
2023/2024,2024-03-02,27,Luton Town FC,Aston Villa FC,2,3,2.43312,2.08586
2023/2024,2024-03-03,27,Burnley FC,AFC Bournemouth,0,2,1.60461,1.43616
2023/2024,2024-03-03,27,Manchester City FC,Manchester United FC,3,1,2.64173,0.153764
2023/2024,2024-03-04,27,Sheffield United FC,Arsenal FC,0,6,0.201374,2.47294
2023/2024,2024-03-09,28,Manchester United FC,Everton FC,2,0,2.9016,1.8214
2023/2024,2024-03-09,28,AFC Bournemouth,Sheffield United FC,2,2,3.92657,1.91752
2023/2024,2024-03-09,28,Crystal Palace FC,Luton Town FC,1,1,3.25103,1.08531
2023/2024,2024-03-09,28,Wolverhampton Wanderers FC,Fulham FC,2,1,1.29589,2.94155
2023/2024,2024-03-09,28,Arsenal FC,Brentford FC,2,1,1.59369,0.733239
2023/2024,2024-03-10,28,Aston Villa FC,Tottenham Hotspur FC,0,4,1.23267,2.25381
2023/2024,2024-03-10,28,Brighton & Hove Albion FC,Nottingham Forest FC,1,0,0.534518,0.687034
2023/2024,2024-03-10,28,West Ham United FC,Burnley FC,2,2,1.87414,0.88131
2023/2024,2024-03-10,28,Liverpool FC,Manchester City FC,1,1,2.25492,1.37289
2023/2024,2024-03-11,28,Chelsea FC,Newcastle United FC,3,2,1.78315,0.568435
2023/2024,2024-03-13,17,AFC Bournemouth,Luton Town FC,4,3,2.84403,2.79419
2023/2024,2024-03-16,29,Burnley FC,Brentford FC,2,1,2.69776,1.25123
2023/2024,2024-03-16,29,Luton Town FC,Nottingham Forest FC,1,1,0.853782,1.95268
2023/2024,2024-03-16,29,Fulham FC,Tottenham Hotspur FC,3,0,2.47234,2.14564
2023/2024,2024-03-17,29,West Ham United FC,Aston Villa FC,1,1,1.32829,0.911274
2023/2024,2024-03-30,30,Newcastle United FC,West Ham United FC,4,3,3.80922,0.994584
2023/2024,2024-03-30,30,AFC Bournemouth,Everton FC,2,1,1.39268,0.93378
2023/2024,2024-03-30,30,Chelsea FC,Burnley FC,2,2,4.46643,2.10422
2023/2024,2024-03-30,30,Nottingham Forest FC,Crystal Palace FC,1,1,0.784652,0.900972
2023/2024,2024-03-30,30,Sheffield United FC,Fulham FC,3,3,1.78824,1.10254
2023/2024,2024-03-30,30,Tottenham Hotspur FC,Luton Town FC,2,1,2.46523,0.402402
2023/2024,2024-03-30,30,Aston Villa FC,Wolverhampton Wanderers FC,2,0,1.28271,1.66232
2023/2024,2024-03-30,30,Brentford FC,Manchester United FC,1,1,3.16487,0.989565
2023/2024,2024-03-31,30,Liverpool FC,Brighton & Hove Albion FC,2,1,3.21149,0.43922
2023/2024,2024-03-31,30,Manchester City FC,Arsenal FC,0,0,1.22009,0.511402
2023/2024,2024-04-02,31,Nottingham Forest FC,Fulham FC,3,1,1.94619,1.04304
2023/2024,2024-04-02,31,Newcastle United FC,Everton FC,1,1,2.65009,1.69834
2023/2024,2024-04-02,31,AFC Bournemouth,Crystal Palace FC,1,0,1.30969,0.174389
2023/2024,2024-04-02,31,Burnley FC,Wolverhampton Wanderers FC,1,1,1.12581,1.01021
2023/2024,2024-04-02,31,West Ham United FC,Tottenham Hotspur FC,1,1,1.47017,1.39423
2023/2024,2024-04-03,31,Arsenal FC,Luton Town FC,2,0,1.14384,0.292082
2023/2024,2024-04-03,31,Brentford FC,Brighton & Hove Albion FC,0,0,0.423299,1.22404
2023/2024,2024-04-03,31,Manchester City FC,Aston Villa FC,4,1,3.87704,1.18643
2023/2024,2024-04-04,31,Liverpool FC,Sheffield United FC,3,1,2.51772,0.720948
2023/2024,2024-04-04,31,Chelsea FC,Manchester United FC,4,3,3.48048,1.56686
2023/2024,2024-04-06,32,Crystal Palace FC,Manchester City FC,2,4,1.49472,2.26381
2023/2024,2024-04-06,32,Aston Villa FC,Brentford FC,3,3,1.16333,1.42064
2023/2024,2024-04-06,32,Everton FC,Burnley FC,1,0,0.659844,0.34699
2023/2024,2024-04-06,32,Fulham FC,Newcastle United FC,0,1,0.834564,1.18012
2023/2024,2024-04-06,32,Luton Town FC,AFC Bournemouth,2,1,1.30478,0.616108
2023/2024,2024-04-06,32,Wolverhampton Wanderers FC,West Ham United FC,1,2,1.78341,1.14133
2023/2024,2024-04-06,32,Brighton & Hove Albion FC,Arsenal FC,0,3,0.428514,4.16518
2023/2024,2024-04-07,32,Manchester United FC,Liverpool FC,2,2,0.814509,4.43457
2023/2024,2024-04-07,32,Sheffield United FC,Chelsea FC,2,2,1.74265,0.521789
2023/2024,2024-04-07,32,Tottenham Hotspur FC,Nottingham Forest FC,3,1,1.61978,2.00122
2023/2024,2024-04-13,33,Newcastle United FC,Tottenham Hotspur FC,4,0,3.1483,0.737596
2023/2024,2024-04-13,33,Brentford FC,Sheffield United FC,2,0,1.09071,0.834498
2023/2024,2024-04-13,33,Burnley FC,Brighton & Hove Albion FC,1,1,1.8522,0.889445
2023/2024,2024-04-13,33,Manchester City FC,Luton Town FC,5,1,4.64245,0.809775
2023/2024,2024-04-13,33,Nottingham Forest FC,Wolverhampton Wanderers FC,2,2,1.76244,1.45688
2023/2024,2024-04-13,33,AFC Bournemouth,Manchester United FC,2,2,2.38519,1.52274
2023/2024,2024-04-14,33,Liverpool FC,Crystal Palace FC,0,1,3.04497,2.12879
2023/2024,2024-04-14,33,West Ham United FC,Fulham FC,0,2,1.45307,3.61413
2023/2024,2024-04-14,33,Arsenal FC,Aston Villa FC,0,2,1.89003,0.929049
2023/2024,2024-04-15,33,Chelsea FC,Everton FC,6,0,3.37093,1.21791
2023/2024,2024-04-20,34,Luton Town FC,Brentford FC,1,5,0.497799,3.7809
2023/2024,2024-04-20,34,Sheffield United FC,Burnley FC,1,4,1.97816,2.42338
2023/2024,2024-04-20,34,Wolverhampton Wanderers FC,Arsenal FC,0,2,0.164516,1.66179
2023/2024,2024-04-21,34,Everton FC,Nottingham Forest FC,2,0,0.473233,1.18916
2023/2024,2024-04-21,34,Aston Villa FC,AFC Bournemouth,3,1,2.62687,2.05211
2023/2024,2024-04-21,34,Crystal Palace FC,West Ham United FC,5,2,3.7185,1.34536
2023/2024,2024-04-21,34,Fulham FC,Liverpool FC,1,3,0.83885,1.02445
2023/2024,2024-04-23,29,Arsenal FC,Chelsea FC,5,0,3.45858,1.60343
2023/2024,2024-04-24,29,Wolverhampton Wanderers FC,AFC Bournemouth,0,1,0.484454,2.40311
2023/2024,2024-04-24,29,Crystal Palace FC,Newcastle United FC,2,0,1.43661,0.55129
2023/2024,2024-04-24,29,Everton FC,Liverpool FC,2,0,1.89111,1.87155
2023/2024,2024-04-24,29,Manchester United FC,Sheffield United FC,4,2,3.51311,1.20517
2023/2024,2024-04-25,29,Brighton & Hove Albion FC,Manchester City FC,0,4,0.572021,1.90507
2023/2024,2024-04-27,35,West Ham United FC,Liverpool FC,2,2,0.794025,2.29298
2023/2024,2024-04-27,35,Fulham FC,Crystal Palace FC,1,1,1.39418,1.05387
2023/2024,2024-04-27,35,Manchester United FC,Burnley FC,1,1,3.06197,1.89591
2023/2024,2024-04-27,35,Newcastle United FC,Sheffield United FC,5,1,2.93477,1.82408
2023/2024,2024-04-27,35,Wolverhampton Wanderers FC,Luton Town FC,2,1,1.49011,0.90435
2023/2024,2024-04-27,35,Everton FC,Brentford FC,1,0,1.21399,0.956356
2023/2024,2024-04-27,35,Aston Villa FC,Chelsea FC,2,2,0.612257,1.56401
2023/2024,2024-04-28,35,AFC Bournemouth,Brighton & Hove Albion FC,3,0,2.48132,1.35682
2023/2024,2024-04-28,35,Tottenham Hotspur FC,Arsenal FC,2,3,2.60458,1.51469
2023/2024,2024-04-28,35,Nottingham Forest FC,Manchester City FC,0,2,2.17312,0.932063
2023/2024,2024-05-02,26,Chelsea FC,Tottenham Hotspur FC,2,0,2.22432,1.27064
2023/2024,2024-05-03,36,Luton Town FC,Everton FC,1,1,0.950391,1.22959
2023/2024,2024-05-04,36,Arsenal FC,AFC Bournemouth,3,0,3.91372,0.4687
2023/2024,2024-05-04,36,Brentford FC,Fulham FC,0,0,0.809379,1.45579
2023/2024,2024-05-04,36,Burnley FC,Newcastle United FC,1,4,1.28632,4.25643
2023/2024,2024-05-04,36,Sheffield United FC,Nottingham Forest FC,1,3,2.48986,1.93818
2023/2024,2024-05-04,36,Manchester City FC,Wolverhampton Wanderers FC,5,1,4.52542,0.396887
2023/2024,2024-05-05,36,Brighton & Hove Albion FC,Aston Villa FC,1,0,2.63566,0.0644055
2023/2024,2024-05-05,36,Chelsea FC,West Ham United FC,5,0,4.21838,0.893899
2023/2024,2024-05-05,36,Liverpool FC,Tottenham Hotspur FC,4,2,3.26222,1.17205
2023/2024,2024-05-06,36,Crystal Palace FC,Manchester United FC,4,0,2.0656,0.341417
2023/2024,2024-05-11,37,Fulham FC,Manchester City FC,0,4,0.0886245,3.15218
2023/2024,2024-05-11,37,AFC Bournemouth,Brentford FC,1,2,1.07237,1.92722
2023/2024,2024-05-11,37,Everton FC,Sheffield United FC,1,0,1.82411,0.465523
2023/2024,2024-05-11,37,Newcastle United FC,Brighton & Hove Albion FC,1,1,2.45163,1.91556
2023/2024,2024-05-11,37,Tottenham Hotspur FC,Burnley FC,2,1,3.00238,0.950331
2023/2024,2024-05-11,37,West Ham United FC,Luton Town FC,3,1,3.71009,0.640456
2023/2024,2024-05-11,37,Wolverhampton Wanderers FC,Crystal Palace FC,1,3,1.1561,2.51452
2023/2024,2024-05-11,37,Nottingham Forest FC,Chelsea FC,2,3,2.44569,2.41068
2023/2024,2024-05-12,37,Manchester United FC,Arsenal FC,0,1,0.551669,1.73104
2023/2024,2024-05-13,37,Aston Villa FC,Liverpool FC,3,3,2.71655,1.89968
2023/2024,2024-05-14,34,Tottenham Hotspur FC,Manchester City FC,0,2,1.84285,2.70331
2023/2024,2024-05-15,34,Brighton & Hove Albion FC,Chelsea FC,1,2,1.32423,1.544
2023/2024,2024-05-15,34,Manchester United FC,Newcastle United FC,3,2,1.49706,2.27657
2023/2024,2024-05-19,38,Arsenal FC,Everton FC,2,1,3.2117,0.664904
2023/2024,2024-05-19,38,Brentford FC,Newcastle United FC,2,4,1.70157,3.65044
2023/2024,2024-05-19,38,Brighton & Hove Albion FC,Manchester United FC,0,2,1.9717,1.00404
2023/2024,2024-05-19,38,Burnley FC,Nottingham Forest FC,1,2,1.08222,1.57962
2023/2024,2024-05-19,38,Chelsea FC,AFC Bournemouth,2,1,1.59771,2.002
2023/2024,2024-05-19,38,Crystal Palace FC,Aston Villa FC,5,0,2.23189,0.598846
2023/2024,2024-05-19,38,Liverpool FC,Wolverhampton Wanderers FC,2,0,5.65937,0.731254
2023/2024,2024-05-19,38,Luton Town FC,Fulham FC,2,4,2.06743,1.11598
2023/2024,2024-05-19,38,Manchester City FC,West Ham United FC,3,1,2.31504,0.240159
2023/2024,2024-05-19,38,Sheffield United FC,Tottenham Hotspur FC,0,3,0.697312,3.19675
2024/2025,2024-08-16,1,Manchester United FC,Fulham FC,1,0,2.04268,0.418711
2024/2025,2024-08-17,1,Ipswich Town FC,Liverpool FC,0,2,0.342601,3.92906
2024/2025,2024-08-17,1,Arsenal FC,Wolverhampton Wanderers FC,2,0,1.6283,0.575835
2024/2025,2024-08-17,1,Everton FC,Brighton & Hove Albion FC,0,3,0.405325,1.79083
2024/2025,2024-08-17,1,Newcastle United FC,Southampton FC,1,0,0.433489,1.95483
2024/2025,2024-08-17,1,Nottingham Forest FC,AFC Bournemouth,1,1,1.24405,1.90915
2024/2025,2024-08-17,1,West Ham United FC,Aston Villa FC,1,2,2.8047,2.6703
2024/2025,2024-08-18,1,Brentford FC,Crystal Palace FC,2,1,1.38064,1.14757
2024/2025,2024-08-18,1,Chelsea FC,Manchester City FC,0,2,1.06123,1.18038
2024/2025,2024-08-19,1,Leicester City FC,Tottenham Hotspur FC,1,1,1.02614,1.40775
2024/2025,2024-08-24,2,Brighton & Hove Albion FC,Manchester United FC,2,1,2.14153,1.28556
2024/2025,2024-08-24,2,Crystal Palace FC,West Ham United FC,0,2,1.3761,1.53421
2024/2025,2024-08-24,2,Fulham FC,Leicester City FC,2,1,1.96218,0.857005
2024/2025,2024-08-24,2,Manchester City FC,Ipswich Town FC,4,1,3.07818,0.479999
2024/2025,2024-08-24,2,Southampton FC,Nottingham Forest FC,0,1,0.214952,2.86475
2024/2025,2024-08-24,2,Tottenham Hotspur FC,Everton FC,4,0,2.61143,0.648869
2024/2025,2024-08-24,2,Aston Villa FC,Arsenal FC,0,2,1.31664,1.41399
2024/2025,2024-08-25,2,AFC Bournemouth,Newcastle United FC,1,1,2.53513,1.89287
2024/2025,2024-08-25,2,Wolverhampton Wanderers FC,Chelsea FC,2,6,2.4181,2.02935
2024/2025,2024-08-25,2,Liverpool FC,Brentford FC,2,0,2.71877,0.457239
2024/2025,2024-08-31,3,Arsenal FC,Brighton & Hove Albion FC,1,1,2.41798,1.81748
2024/2025,2024-08-31,3,Brentford FC,Southampton FC,3,1,3.86281,1.64713
2024/2025,2024-08-31,3,Everton FC,AFC Bournemouth,2,3,2.55629,2.95688
2024/2025,2024-08-31,3,Ipswich Town FC,Fulham FC,1,1,0.707048,1.18883
2024/2025,2024-08-31,3,Leicester City FC,Aston Villa FC,1,2,0.774741,2.16385
2024/2025,2024-08-31,3,Nottingham Forest FC,Wolverhampton Wanderers FC,1,1,1.41069,0.937632
2024/2025,2024-08-31,3,West Ham United FC,Manchester City FC,1,3,0.947201,3.19297
2024/2025,2024-09-01,3,Chelsea FC,Crystal Palace FC,1,1,2.97743,0.459708
2024/2025,2024-09-01,3,Newcastle United FC,Tottenham Hotspur FC,2,1,1.58694,1.63304
2024/2025,2024-09-01,3,Manchester United FC,Liverpool FC,0,3,1.50087,2.10397
2024/2025,2024-09-14,4,Southampton FC,Manchester United FC,0,3,1.35593,3.02693
2024/2025,2024-09-14,4,Brighton & Hove Albion FC,Ipswich Town FC,0,0,1.75696,0.721323
2024/2025,2024-09-14,4,Crystal Palace FC,Leicester City FC,2,2,2.88716,1.65187
2024/2025,2024-09-14,4,Fulham FC,West Ham United FC,1,1,2.88601,0.682719
2024/2025,2024-09-14,4,Liverpool FC,Nottingham Forest FC,0,1,1.17044,0.589532
2024/2025,2024-09-14,4,Manchester City FC,Brentford FC,2,1,1.55279,1.05094
2024/2025,2024-09-14,4,Aston Villa FC,Everton FC,3,2,3.15876,0.852158
2024/2025,2024-09-14,4,AFC Bournemouth,Chelsea FC,0,1,1.53731,0.932726
2024/2025,2024-09-15,4,Tottenham Hotspur FC,Arsenal FC,0,1,0.792595,1.1209
2024/2025,2024-09-15,4,Wolverhampton Wanderers FC,Newcastle United FC,1,2,1.46969,1.48343
2024/2025,2024-09-21,5,West Ham United FC,Chelsea FC,0,3,0.758267,2.39727
2024/2025,2024-09-21,5,Aston Villa FC,Wolverhampton Wanderers FC,3,1,2.37351,0.520117
2024/2025,2024-09-21,5,Fulham FC,Newcastle United FC,3,1,3.21141,1.09768
2024/2025,2024-09-21,5,Leicester City FC,Everton FC,1,1,1.33793,1.82377
2024/2025,2024-09-21,5,Liverpool FC,AFC Bournemouth,3,0,2.43731,1.46979
2024/2025,2024-09-21,5,Southampton FC,Ipswich Town FC,1,1,2.89813,1.645
2024/2025,2024-09-21,5,Tottenham Hotspur FC,Brentford FC,3,1,3.89481,0.893565
2024/2025,2024-09-21,5,Crystal Palace FC,Manchester United FC,0,0,1.66928,2.35056
2024/2025,2024-09-22,5,Brighton & Hove Albion FC,Nottingham Forest FC,2,2,1.56836,1.36923
2024/2025,2024-09-22,5,Manchester City FC,Arsenal FC,2,2,2.75588,1.28411
2024/2025,2024-09-28,6,Newcastle United FC,Manchester City FC,1,1,1.34344,1.26516
2024/2025,2024-09-28,6,Arsenal FC,Leicester City FC,4,2,6.05305,0.337909
2024/2025,2024-09-28,6,Brentford FC,West Ham United FC,1,1,0.370222,0.878617
2024/2025,2024-09-28,6,Chelsea FC,Brighton & Hove Albion FC,4,2,3.65839,1.20712
2024/2025,2024-09-28,6,Everton FC,Crystal Palace FC,2,1,1.10959,1.12358
2024/2025,2024-09-28,6,Nottingham Forest FC,Fulham FC,0,1,0.614351,1.43592
2024/2025,2024-09-28,6,Wolverhampton Wanderers FC,Liverpool FC,1,2,0.748925,2.11724
2024/2025,2024-09-29,6,Ipswich Town FC,Aston Villa FC,2,2,1.84608,1.14494
2024/2025,2024-09-29,6,Manchester United FC,Tottenham Hotspur FC,0,3,0.600721,5.4072
2024/2025,2024-09-30,6,AFC Bournemouth,Southampton FC,3,1,1.44215,0.696068
2024/2025,2024-10-05,7,Crystal Palace FC,Liverpool FC,0,1,0.609481,2.07332
2024/2025,2024-10-05,7,Arsenal FC,Southampton FC,3,1,3.25165,1.27313
2024/2025,2024-10-05,7,Brentford FC,Wolverhampton Wanderers FC,5,3,4.13513,0.696254
2024/2025,2024-10-05,7,Leicester City FC,AFC Bournemouth,1,0,0.912063,1.94963
2024/2025,2024-10-05,7,Manchester City FC,Fulham FC,3,2,1.36684,2.75846
2024/2025,2024-10-05,7,West Ham United FC,Ipswich Town FC,4,1,4.39402,1.18463
2024/2025,2024-10-05,7,Everton FC,Newcastle United FC,0,0,0.692214,1.79048
2024/2025,2024-10-06,7,Aston Villa FC,Manchester United FC,0,0,0.532809,0.448537
2024/2025,2024-10-06,7,Chelsea FC,Nottingham Forest FC,1,1,2.27752,1.66654
2024/2025,2024-10-06,7,Brighton & Hove Albion FC,Tottenham Hotspur FC,3,2,1.97217,1.09279
2024/2025,2024-10-19,8,Tottenham Hotspur FC,West Ham United FC,4,1,1.44052,0.858803
2024/2025,2024-10-19,8,Fulham FC,Aston Villa FC,1,3,2.63074,1.43595
2024/2025,2024-10-19,8,Ipswich Town FC,Everton FC,0,2,1.174,1.60804
2024/2025,2024-10-19,8,Manchester United FC,Brentford FC,2,1,1.76555,0.892843
2024/2025,2024-10-19,8,Newcastle United FC,Brighton & Hove Albion FC,0,1,1.93657,1.6779
2024/2025,2024-10-19,8,Southampton FC,Leicester City FC,2,3,2.42776,2.83826
2024/2025,2024-10-19,8,AFC Bournemouth,Arsenal FC,2,0,2.18419,0.740758
2024/2025,2024-10-20,8,Wolverhampton Wanderers FC,Manchester City FC,1,2,0.761217,1.36569
2024/2025,2024-10-20,8,Liverpool FC,Chelsea FC,2,1,2.22517,1.33904
2024/2025,2024-10-21,8,Nottingham Forest FC,Crystal Palace FC,1,0,1.88573,0.835001
2024/2025,2024-10-25,9,Leicester City FC,Nottingham Forest FC,1,3,0.832415,2.54488
2024/2025,2024-10-26,9,Aston Villa FC,AFC Bournemouth,1,1,1.974,0.328651
2024/2025,2024-10-26,9,Brentford FC,Ipswich Town FC,4,3,4.09663,1.65698
2024/2025,2024-10-26,9,Brighton & Hove Albion FC,Wolverhampton Wanderers FC,2,2,1.51347,1.11074
2024/2025,2024-10-26,9,Manchester City FC,Southampton FC,1,0,3.16286,0.369989
2024/2025,2024-10-26,9,Everton FC,Fulham FC,1,1,0.884845,1.49531
2024/2025,2024-10-27,9,Chelsea FC,Newcastle United FC,2,1,1.61794,1.74225
2024/2025,2024-10-27,9,Crystal Palace FC,Tottenham Hotspur FC,1,0,0.978611,1.0192
2024/2025,2024-10-27,9,West Ham United FC,Manchester United FC,2,1,2.99312,2.62598
2024/2025,2024-10-27,9,Arsenal FC,Liverpool FC,2,2,1.0883,1.35346
2024/2025,2024-11-02,10,Newcastle United FC,Arsenal FC,1,0,0.859715,0.911305
2024/2025,2024-11-02,10,AFC Bournemouth,Manchester City FC,2,1,2.4493,2.3527
2024/2025,2024-11-02,10,Ipswich Town FC,Leicester City FC,1,1,1.33617,2.33858
2024/2025,2024-11-02,10,Liverpool FC,Brighton & Hove Albion FC,2,1,1.81037,1.01568
2024/2025,2024-11-02,10,Nottingham Forest FC,West Ham United FC,3,0,2.35011,0.132317
2024/2025,2024-11-02,10,Southampton FC,Everton FC,1,0,0.540345,1.78581
2024/2025,2024-11-02,10,Wolverhampton Wanderers FC,Crystal Palace FC,2,2,1.65018,2.64849
2024/2025,2024-11-03,10,Tottenham Hotspur FC,Aston Villa FC,4,1,2.09751,2.48749
2024/2025,2024-11-03,10,Manchester United FC,Chelsea FC,1,1,2.1605,1.21071
2024/2025,2024-11-04,10,Fulham FC,Brentford FC,2,1,1.43017,0.739231
2024/2025,2024-11-09,11,Brentford FC,AFC Bournemouth,3,2,1.56474,2.49234
2024/2025,2024-11-09,11,Crystal Palace FC,Fulham FC,0,2,1.96037,2.25331
2024/2025,2024-11-09,11,West Ham United FC,Everton FC,0,0,1.1237,0.865983
2024/2025,2024-11-09,11,Wolverhampton Wanderers FC,Southampton FC,2,0,0.912781,0.792655
2024/2025,2024-11-09,11,Brighton & Hove Albion FC,Manchester City FC,2,1,2.87116,2.60334
2024/2025,2024-11-09,11,Liverpool FC,Aston Villa FC,2,0,2.68196,1.66337
2024/2025,2024-11-10,11,Manchester United FC,Leicester City FC,3,0,1.2369,0.417295
2024/2025,2024-11-10,11,Nottingham Forest FC,Newcastle United FC,1,3,1.17852,1.86904
2024/2025,2024-11-10,11,Tottenham Hotspur FC,Ipswich Town FC,1,2,1.75088,2.18392
2024/2025,2024-11-10,11,Chelsea FC,Arsenal FC,1,1,1.24067,1.9605
2024/2025,2024-11-23,12,Leicester City FC,Chelsea FC,1,2,0.967987,2.81658
2024/2025,2024-11-23,12,AFC Bournemouth,Brighton & Hove Albion FC,1,2,1.91157,1.23059
2024/2025,2024-11-23,12,Arsenal FC,Nottingham Forest FC,3,0,1.66016,0.403136
2024/2025,2024-11-23,12,Aston Villa FC,Crystal Palace FC,2,2,3.04455,1.61437
2024/2025,2024-11-23,12,Everton FC,Brentford FC,0,0,1.5951,1.34314
2024/2025,2024-11-23,12,Fulham FC,Wolverhampton Wanderers FC,1,4,0.717158,1.33903
2024/2025,2024-11-23,12,Manchester City FC,Tottenham Hotspur FC,0,4,2.15899,3.30449
2024/2025,2024-11-24,12,Southampton FC,Liverpool FC,2,3,1.53985,3.18835
2024/2025,2024-11-24,12,Ipswich Town FC,Manchester United FC,1,1,1.98714,1.26912
2024/2025,2024-11-25,12,Newcastle United FC,West Ham United FC,0,2,1.49781,0.942824
2024/2025,2024-11-29,13,Brighton & Hove Albion FC,Southampton FC,1,1,1.86986,0.934969
2024/2025,2024-11-30,13,Brentford FC,Leicester City FC,4,1,2.21885,0.907555
2024/2025,2024-11-30,13,Crystal Palace FC,Newcastle United FC,1,1,2.29595,0.020989
2024/2025,2024-11-30,13,Nottingham Forest FC,Ipswich Town FC,1,0,1.76587,0.462771
2024/2025,2024-11-30,13,Wolverhampton Wanderers FC,AFC Bournemouth,2,4,0.866034,3.07901
2024/2025,2024-11-30,13,West Ham United FC,Arsenal FC,2,5,1.23539,3.99935
2024/2025,2024-12-01,13,Chelsea FC,Aston Villa FC,3,0,1.94939,0.875443
2024/2025,2024-12-01,13,Manchester United FC,Everton FC,4,0,1.76161,0.766749
2024/2025,2024-12-01,13,Tottenham Hotspur FC,Fulham FC,1,1,1.01086,1.57274
2024/2025,2024-12-01,13,Liverpool FC,Manchester City FC,2,0,3.70054,0.745015
2024/2025,2024-12-03,14,Ipswich Town FC,Crystal Palace FC,0,1,0.471708,1.65422
2024/2025,2024-12-03,14,Leicester City FC,West Ham United FC,3,1,2.78061,2.87716
2024/2025,2024-12-04,14,Everton FC,Wolverhampton Wanderers FC,4,0,1.49904,0.847724
2024/2025,2024-12-04,14,Manchester City FC,Nottingham Forest FC,3,0,3.20169,0.802155
2024/2025,2024-12-04,14,Newcastle United FC,Liverpool FC,3,3,1.52057,2.22766
2024/2025,2024-12-04,14,Southampton FC,Chelsea FC,1,5,1.91014,5.8331
2024/2025,2024-12-04,14,Arsenal FC,Manchester United FC,2,0,2.96684,0.256083
2024/2025,2024-12-04,14,Aston Villa FC,Brentford FC,3,1,3.21673,1.13266
2024/2025,2024-12-05,14,Fulham FC,Brighton & Hove Albion FC,3,1,0.666644,1.09939
2024/2025,2024-12-05,14,AFC Bournemouth,Tottenham Hotspur FC,1,0,3.27716,0.623934
2024/2025,2024-12-07,15,Aston Villa FC,Southampton FC,1,0,2.51338,0.385832
2024/2025,2024-12-07,15,Brentford FC,Newcastle United FC,4,2,1.746,1.95645
2024/2025,2024-12-07,15,Crystal Palace FC,Manchester City FC,2,2,1.21476,1.5846
2024/2025,2024-12-07,15,Manchester United FC,Nottingham Forest FC,2,3,1.4697,0.651217
2024/2025,2024-12-08,15,Fulham FC,Arsenal FC,1,1,0.150988,2.4333
2024/2025,2024-12-08,15,Ipswich Town FC,AFC Bournemouth,1,2,1.5668,3.49127
2024/2025,2024-12-08,15,Leicester City FC,Brighton & Hove Albion FC,2,2,1.42438,1.12184
2024/2025,2024-12-08,15,Tottenham Hotspur FC,Chelsea FC,3,4,3.25488,2.57326
2024/2025,2024-12-09,15,West Ham United FC,Wolverhampton Wanderers FC,2,1,1.19808,1.47567
2024/2025,2024-12-14,16,Arsenal FC,Everton FC,0,0,1.30865,0.132166
2024/2025,2024-12-14,16,Liverpool FC,Fulham FC,2,2,2.09698,1.2862
2024/2025,2024-12-14,16,Newcastle United FC,Leicester City FC,4,0,3.95461,0.186759
2024/2025,2024-12-14,16,Wolverhampton Wanderers FC,Ipswich Town FC,1,2,1.23748,1.73349
2024/2025,2024-12-14,16,Nottingham Forest FC,Aston Villa FC,2,1,2.2861,0.389423
2024/2025,2024-12-15,16,Brighton & Hove Albion FC,Crystal Palace FC,1,3,1.32323,3.00618
2024/2025,2024-12-15,16,Manchester City FC,Manchester United FC,1,2,0.638103,2.04662
2024/2025,2024-12-15,16,Chelsea FC,Brentford FC,2,1,2.59146,1.65861
2024/2025,2024-12-15,16,Southampton FC,Tottenham Hotspur FC,0,5,1.27356,3.89322
2024/2025,2024-12-16,16,AFC Bournemouth,West Ham United FC,1,1,2.04842,1.81827
2024/2025,2024-12-21,17,Aston Villa FC,Manchester City FC,2,1,2.05988,1.09627
2024/2025,2024-12-21,17,Brentford FC,Nottingham Forest FC,0,2,0.769004,0.964897
2024/2025,2024-12-21,17,Ipswich Town FC,Newcastle United FC,0,4,1.06427,3.23386
2024/2025,2024-12-21,17,West Ham United FC,Brighton & Hove Albion FC,1,1,1.22937,1.34379
2024/2025,2024-12-21,17,Crystal Palace FC,Arsenal FC,1,5,1.6052,3.05434
2024/2025,2024-12-22,17,Everton FC,Chelsea FC,0,0,1.07081,1.51591
2024/2025,2024-12-22,17,Fulham FC,Southampton FC,0,0,1.25255,0.280031
2024/2025,2024-12-22,17,Leicester City FC,Wolverhampton Wanderers FC,0,3,0.78868,1.13531
2024/2025,2024-12-22,17,Manchester United FC,AFC Bournemouth,0,3,2.28533,1.82831
2024/2025,2024-12-22,17,Tottenham Hotspur FC,Liverpool FC,3,6,1.20245,5.20214
2024/2025,2024-12-26,18,Manchester City FC,Everton FC,1,1,2.51965,0.653289
2024/2025,2024-12-26,18,AFC Bournemouth,Crystal Palace FC,0,0,1.20189,0.500066
2024/2025,2024-12-26,18,Chelsea FC,Fulham FC,1,2,1.55626,1.77929
2024/2025,2024-12-26,18,Newcastle United FC,Aston Villa FC,3,0,2.82867,0.225522
2024/2025,2024-12-26,18,Nottingham Forest FC,Tottenham Hotspur FC,1,0,1.30018,1.05758
2024/2025,2024-12-26,18,Southampton FC,West Ham United FC,0,1,2.19833,1.90111
2024/2025,2024-12-26,18,Wolverhampton Wanderers FC,Manchester United FC,2,0,0.826489,0.358876
2024/2025,2024-12-26,18,Liverpool FC,Leicester City FC,3,1,1.89935,0.22097
2024/2025,2024-12-27,18,Brighton & Hove Albion FC,Brentford FC,0,0,1.33538,0.961233
2024/2025,2024-12-27,18,Arsenal FC,Ipswich Town FC,1,0,2.16462,0.0783327
2024/2025,2024-12-29,19,Leicester City FC,Manchester City FC,0,2,1.84208,1.58002
2024/2025,2024-12-29,19,Crystal Palace FC,Southampton FC,2,1,3.05417,1.21853
2024/2025,2024-12-29,19,Everton FC,Nottingham Forest FC,0,2,0.615191,2.02753
2024/2025,2024-12-29,19,Fulham FC,AFC Bournemouth,2,2,0.961566,1.70692
2024/2025,2024-12-29,19,Tottenham Hotspur FC,Wolverhampton Wanderers FC,2,2,2.28433,0.640697
2024/2025,2024-12-29,19,West Ham United FC,Liverpool FC,0,5,0.518279,3.29868
2024/2025,2024-12-30,19,Aston Villa FC,Brighton & Hove Albion FC,2,2,1.87997,0.938042
2024/2025,2024-12-30,19,Ipswich Town FC,Chelsea FC,2,0,1.50093,1.60622
2024/2025,2024-12-30,19,Manchester United FC,Newcastle United FC,0,2,1.00073,2.2424
2024/2025,2025-01-01,19,Brentford FC,Arsenal FC,1,3,0.272604,1.99848
2024/2025,2025-01-04,20,Tottenham Hotspur FC,Newcastle United FC,1,2,1.00333,2.42963
2024/2025,2025-01-04,20,Southampton FC,Brentford FC,0,5,0.249614,5.54874
2024/2025,2025-01-04,20,Crystal Palace FC,Chelsea FC,1,1,1.2766,1.51541
2024/2025,2025-01-04,20,AFC Bournemouth,Everton FC,1,0,2.61852,0.561015
2024/2025,2025-01-04,20,Aston Villa FC,Leicester City FC,2,1,2.3456,0.81548
2024/2025,2025-01-04,20,Manchester City FC,West Ham United FC,4,1,1.97986,1.53286
2024/2025,2025-01-04,20,Brighton & Hove Albion FC,Arsenal FC,1,1,1.76513,1.81142
2024/2025,2025-01-05,20,Fulham FC,Ipswich Town FC,2,2,2.65469,1.4434
2024/2025,2025-01-05,20,Liverpool FC,Manchester United FC,2,2,2.862,1.67469
2024/2025,2025-01-06,20,Wolverhampton Wanderers FC,Nottingham Forest FC,0,3,1.90463,2.57227
2024/2025,2025-01-14,21,West Ham United FC,Fulham FC,3,2,0.937322,2.83581
2024/2025,2025-01-14,21,Brentford FC,Manchester City FC,2,2,2.39088,2.65315
2024/2025,2025-01-14,21,Chelsea FC,AFC Bournemouth,2,2,2.53808,1.14845
2024/2025,2025-01-14,21,Nottingham Forest FC,Liverpool FC,1,1,0.5292,2.72291
2024/2025,2025-01-15,21,Everton FC,Aston Villa FC,0,1,1.23126,1.28522
2024/2025,2025-01-15,21,Leicester City FC,Crystal Palace FC,0,2,2.09904,2.2647
2024/2025,2025-01-15,21,Newcastle United FC,Wolverhampton Wanderers FC,3,0,2.13327,1.47433
2024/2025,2025-01-15,21,Arsenal FC,Tottenham Hotspur FC,2,1,2.25501,0.777071
2024/2025,2025-01-16,21,Ipswich Town FC,Brighton & Hove Albion FC,0,2,0.268127,1.06343
2024/2025,2025-01-16,21,Manchester United FC,Southampton FC,3,1,3.10847,1.36705
2024/2025,2025-01-18,22,Newcastle United FC,AFC Bournemouth,1,4,0.837801,2.70174
2024/2025,2025-01-18,22,West Ham United FC,Crystal Palace FC,0,2,0.221062,1.62561
2024/2025,2025-01-18,22,Leicester City FC,Fulham FC,0,2,0.676934,2.36823
2024/2025,2025-01-18,22,Brentford FC,Liverpool FC,0,2,1.20021,4.16249
2024/2025,2025-01-18,22,Arsenal FC,Aston Villa FC,2,2,1.64458,1.20602
2024/2025,2025-01-19,22,Manchester United FC,Brighton & Hove Albion FC,1,3,1.31823,2.17172
2024/2025,2025-01-19,22,Nottingham Forest FC,Southampton FC,3,2,2.36419,1.25922
2024/2025,2025-01-19,22,Everton FC,Tottenham Hotspur FC,3,2,2.56089,1.35719
2024/2025,2025-01-19,22,Ipswich Town FC,Manchester City FC,0,6,0.795637,3.20228
2024/2025,2025-01-20,22,Chelsea FC,Wolverhampton Wanderers FC,3,1,3.14882,1.06726
2024/2025,2025-01-25,23,Liverpool FC,Ipswich Town FC,4,1,2.16809,0.804707
2024/2025,2025-01-25,23,Wolverhampton Wanderers FC,Arsenal FC,0,1,0.514724,0.887358
2024/2025,2025-01-25,23,Brighton & Hove Albion FC,Everton FC,0,1,0.64378,0.870883
2024/2025,2025-01-25,23,Southampton FC,Newcastle United FC,1,3,0.825621,3.08319
2024/2025,2025-01-25,23,AFC Bournemouth,Nottingham Forest FC,5,0,2.8254,0.996166
2024/2025,2025-01-25,23,Manchester City FC,Chelsea FC,3,1,2.23213,1.49843
2024/2025,2025-01-26,23,Crystal Palace FC,Brentford FC,1,2,1.23177,1.92037
2024/2025,2025-01-26,23,Tottenham Hotspur FC,Leicester City FC,1,2,1.27483,1.40469
2024/2025,2025-01-26,23,Aston Villa FC,West Ham United FC,1,1,0.907851,1.67886
2024/2025,2025-01-26,23,Fulham FC,Manchester United FC,0,1,0.560571,0.201988
2024/2025,2025-02-01,24,Nottingham Forest FC,Brighton & Hove Albion FC,7,0,4.0677,0.756296
2024/2025,2025-02-01,24,Newcastle United FC,Fulham FC,1,2,1.22716,1.60881
2024/2025,2025-02-01,24,Everton FC,Leicester City FC,4,0,3.11261,0.447136
2024/2025,2025-02-01,24,AFC Bournemouth,Liverpool FC,0,2,1.65273,2.7219
2024/2025,2025-02-01,24,Ipswich Town FC,Southampton FC,1,2,1.94845,1.17566
2024/2025,2025-02-01,24,Wolverhampton Wanderers FC,Aston Villa FC,2,0,2.00146,0.742809
2024/2025,2025-02-02,24,Manchester United FC,Crystal Palace FC,0,2,1.50706,2.44633
2024/2025,2025-02-02,24,Brentford FC,Tottenham Hotspur FC,0,2,1.66475,0.945355
2024/2025,2025-02-02,24,Arsenal FC,Manchester City FC,5,1,1.53202,0.743191
2024/2025,2025-02-03,24,Chelsea FC,West Ham United FC,2,1,1.39066,1.1868
2024/2025,2025-02-12,15,Everton FC,Liverpool FC,2,2,0.910523,0.929103
2024/2025,2025-02-14,25,Brighton & Hove Albion FC,Chelsea FC,3,0,2.06892,0.649788
2024/2025,2025-02-15,25,Leicester City FC,Arsenal FC,0,2,0.233209,1.75
2024/2025,2025-02-15,25,Southampton FC,AFC Bournemouth,1,3,0.974418,2.08722
2024/2025,2025-02-15,25,West Ham United FC,Brentford FC,0,1,0.673466,1.96499
2024/2025,2025-02-15,25,Aston Villa FC,Ipswich Town FC,1,1,2.89841,0.332864
2024/2025,2025-02-15,25,Manchester City FC,Newcastle United FC,4,0,2.12004,0.157211
2024/2025,2025-02-15,25,Fulham FC,Nottingham Forest FC,2,1,2.20993,0.331301
2024/2025,2025-02-15,25,Crystal Palace FC,Everton FC,1,2,2.30646,1.01565
2024/2025,2025-02-16,25,Liverpool FC,Wolverhampton Wanderers FC,2,1,1.86758,1.05329
2024/2025,2025-02-16,25,Tottenham Hotspur FC,Manchester United FC,1,0,1.97109,1.42652
2024/2025,2025-02-19,29,Aston Villa FC,Liverpool FC,2,2,1.02269,2.04279
2024/2025,2025-02-21,26,Leicester City FC,Brentford FC,0,4,0.727901,2.03465
2024/2025,2025-02-22,26,Everton FC,Manchester United FC,2,2,2.10444,0.645685
2024/2025,2025-02-22,26,Ipswich Town FC,Tottenham Hotspur FC,1,4,1.15389,1.58741
2024/2025,2025-02-22,26,Fulham FC,Crystal Palace FC,0,2,0.23426,1.46203
2024/2025,2025-02-22,26,Arsenal FC,West Ham United FC,0,1,1.37264,1.02684
2024/2025,2025-02-22,26,AFC Bournemouth,Wolverhampton Wanderers FC,0,1,0.629691,2.10124
2024/2025,2025-02-22,26,Southampton FC,Brighton & Hove Albion FC,0,4,0.154147,5.12018
2024/2025,2025-02-22,26,Aston Villa FC,Chelsea FC,2,1,2.69413,2.17418
2024/2025,2025-02-23,26,Newcastle United FC,Nottingham Forest FC,4,3,3.45858,2.38603
2024/2025,2025-02-23,26,Manchester City FC,Liverpool FC,0,2,0.58248,0.807058
2024/2025,2025-02-25,27,Brighton & Hove Albion FC,AFC Bournemouth,2,1,2.57927,1.70169
2024/2025,2025-02-25,27,Crystal Palace FC,Aston Villa FC,4,1,4.02522,0.667217
2024/2025,2025-02-25,27,Wolverhampton Wanderers FC,Fulham FC,1,2,0.928973,1.43473
2024/2025,2025-02-25,27,Chelsea FC,Southampton FC,4,0,2.98234,0.845039
2024/2025,2025-02-26,27,Nottingham Forest FC,Arsenal FC,0,0,0.508611,1.31766
2024/2025,2025-02-26,27,Brentford FC,Everton FC,1,1,1.34009,1.44955
2024/2025,2025-02-26,27,Tottenham Hotspur FC,Manchester City FC,0,1,1.28426,2.38641
2024/2025,2025-02-26,27,Manchester United FC,Ipswich Town FC,3,2,1.40202,1.04498
2024/2025,2025-02-26,27,Liverpool FC,Newcastle United FC,2,0,1.40027,0.45882
2024/2025,2025-02-27,27,West Ham United FC,Leicester City FC,2,0,1.70437,0.289578
2024/2025,2025-03-08,28,Nottingham Forest FC,Manchester City FC,1,0,0.501476,0.721234
2024/2025,2025-03-08,28,Brighton & Hove Albion FC,Fulham FC,2,1,1.94417,0.708227
2024/2025,2025-03-08,28,Crystal Palace FC,Ipswich Town FC,1,0,3.13879,1.63282
2024/2025,2025-03-08,28,Liverpool FC,Southampton FC,3,1,4.98996,0.511566
2024/2025,2025-03-08,28,Brentford FC,Aston Villa FC,0,1,0.637743,1.29638
2024/2025,2025-03-08,28,Wolverhampton Wanderers FC,Everton FC,1,1,0.812432,1.3672
2024/2025,2025-03-09,28,Tottenham Hotspur FC,AFC Bournemouth,2,2,1.35053,2.22536
2024/2025,2025-03-09,28,Chelsea FC,Leicester City FC,1,0,1.76844,0.108487
2024/2025,2025-03-09,28,Manchester United FC,Arsenal FC,1,1,1.31107,1.82996
2024/2025,2025-03-10,28,West Ham United FC,Newcastle United FC,0,1,0.823986,1.62976
2024/2025,2025-03-15,29,Everton FC,West Ham United FC,1,1,1.189,0.516029
2024/2025,2025-03-15,29,Ipswich Town FC,Nottingham Forest FC,2,4,0.520839,1.30722
2024/2025,2025-03-15,29,Manchester City FC,Brighton & Hove Albion FC,2,2,2.02642,2.11119
2024/2025,2025-03-15,29,Southampton FC,Wolverhampton Wanderers FC,1,2,1.2821,0.540718
2024/2025,2025-03-15,29,AFC Bournemouth,Brentford FC,1,2,2.02714,1.60321
2024/2025,2025-03-16,29,Arsenal FC,Chelsea FC,1,0,0.695725,0.286036
2024/2025,2025-03-16,29,Fulham FC,Tottenham Hotspur FC,2,0,1.03966,1.40865
2024/2025,2025-03-16,29,Leicester City FC,Manchester United FC,0,3,1.30455,1.13892
2024/2025,2025-04-01,30,Arsenal FC,Fulham FC,2,1,2.30189,1.44206
2024/2025,2025-04-01,30,Wolverhampton Wanderers FC,West Ham United FC,1,0,1.10359,1.73057
2024/2025,2025-04-01,30,Nottingham Forest FC,Manchester United FC,1,0,0.512063,1.86688
2024/2025,2025-04-02,30,AFC Bournemouth,Ipswich Town FC,1,2,1.99637,1.41263
2024/2025,2025-04-02,30,Brighton & Hove Albion FC,Aston Villa FC,0,3,0.558009,1.20715
2024/2025,2025-04-02,30,Manchester City FC,Leicester City FC,2,0,2.07165,0.104741
2024/2025,2025-04-02,30,Newcastle United FC,Brentford FC,2,1,2.26584,1.53201
2024/2025,2025-04-02,30,Southampton FC,Crystal Palace FC,1,1,0.687304,0.93776
2024/2025,2025-04-02,30,Liverpool FC,Everton FC,1,0,1.29718,0.823136
2024/2025,2025-04-03,30,Chelsea FC,Tottenham Hotspur FC,1,0,1.30443,1.40274
2024/2025,2025-04-05,31,Everton FC,Arsenal FC,1,1,1.22875,1.4031
2024/2025,2025-04-05,31,Crystal Palace FC,Brighton & Hove Albion FC,2,1,0.443965,1.27226
2024/2025,2025-04-05,31,Ipswich Town FC,Wolverhampton Wanderers FC,1,2,0.872356,2.8096
2024/2025,2025-04-05,31,West Ham United FC,AFC Bournemouth,2,2,0.907832,1.94869
2024/2025,2025-04-05,31,Aston Villa FC,Nottingham Forest FC,2,1,2.63349,0.96769
2024/2025,2025-04-06,31,Brentford FC,Chelsea FC,0,0,1.36123,1.47829
2024/2025,2025-04-06,31,Fulham FC,Liverpool FC,3,2,1.72764,1.40638
2024/2025,2025-04-06,31,Tottenham Hotspur FC,Southampton FC,3,1,2.648,0.780439
2024/2025,2025-04-06,31,Manchester United FC,Manchester City FC,0,0,1.23317,0.687894
2024/2025,2025-04-07,31,Leicester City FC,Newcastle United FC,0,3,0.354575,3.44111
2024/2025,2025-04-12,32,Manchester City FC,Crystal Palace FC,5,2,4.59724,1.33808
2024/2025,2025-04-12,32,Brighton & Hove Albion FC,Leicester City FC,2,2,3.6978,1.98444
2024/2025,2025-04-12,32,Nottingham Forest FC,Everton FC,0,1,0.423949,1.26036
2024/2025,2025-04-12,32,Southampton FC,Aston Villa FC,0,3,0.412256,2.99927
2024/2025,2025-04-12,32,Arsenal FC,Brentford FC,1,1,0.767369,0.588583
2024/2025,2025-04-13,32,Chelsea FC,Ipswich Town FC,2,2,2.90758,1.60301
2024/2025,2025-04-13,32,Liverpool FC,West Ham United FC,2,1,1.42902,1.46598
2024/2025,2025-04-13,32,Wolverhampton Wanderers FC,Tottenham Hotspur FC,4,2,2.22977,1.62887
2024/2025,2025-04-13,32,Newcastle United FC,Manchester United FC,4,1,2.6383,0.786568
2024/2025,2025-04-14,32,AFC Bournemouth,Fulham FC,1,0,1.8577,1.07203
2024/2025,2025-04-16,29,Newcastle United FC,Crystal Palace FC,5,0,2.32947,2.37548
2024/2025,2025-04-19,33,Brentford FC,Brighton & Hove Albion FC,4,2,2.95516,1.24107
2024/2025,2025-04-19,33,Crystal Palace FC,AFC Bournemouth,0,0,0.337818,0.664093
2024/2025,2025-04-19,33,Everton FC,Manchester City FC,0,2,0.81683,1.87989
2024/2025,2025-04-19,33,West Ham United FC,Southampton FC,1,1,0.98423,0.922877
2024/2025,2025-04-19,33,Aston Villa FC,Newcastle United FC,4,1,3.05371,1.27176
2024/2025,2025-04-20,33,Fulham FC,Chelsea FC,1,2,0.306122,0.75172
2024/2025,2025-04-20,33,Ipswich Town FC,Arsenal FC,0,4,0.192879,2.81362
2024/2025,2025-04-20,33,Manchester United FC,Wolverhampton Wanderers FC,0,1,1.13966,0.187814
2024/2025,2025-04-20,33,Leicester City FC,Liverpool FC,0,1,0.232205,4.52706
2024/2025,2025-04-21,33,Tottenham Hotspur FC,Nottingham Forest FC,1,2,2.4024,0.557682
2024/2025,2025-04-22,34,Manchester City FC,Aston Villa FC,2,1,1.36232,1.85906
2024/2025,2025-04-23,34,Arsenal FC,Crystal Palace FC,2,2,1.92149,2.50515
2024/2025,2025-04-26,34,Chelsea FC,Everton FC,1,0,0.768313,0.916838
2024/2025,2025-04-26,34,Brighton & Hove Albion FC,West Ham United FC,3,2,1.29433,1.24134
2024/2025,2025-04-26,34,Newcastle United FC,Ipswich Town FC,3,0,4.11539,0.127203
2024/2025,2025-04-26,34,Southampton FC,Fulham FC,1,2,0.935581,1.9956
2024/2025,2025-04-26,34,Wolverhampton Wanderers FC,Leicester City FC,3,0,2.57666,1.04978
2024/2025,2025-04-27,34,AFC Bournemouth,Manchester United FC,1,1,0.60995,1.91039
2024/2025,2025-04-27,34,Liverpool FC,Tottenham Hotspur FC,5,1,2.51104,0.512812
2024/2025,2025-05-01,34,Nottingham Forest FC,Brentford FC,0,2,0.670607,1.52054
2024/2025,2025-05-02,35,Manchester City FC,Wolverhampton Wanderers FC,1,0,0.859463,0.622455
2024/2025,2025-05-03,35,Aston Villa FC,Fulham FC,1,0,1.29013,0.702787
2024/2025,2025-05-03,35,Everton FC,Ipswich Town FC,2,2,0.808481,1.14351
2024/2025,2025-05-03,35,Leicester City FC,Southampton FC,2,0,1.60739,0.550774
2024/2025,2025-05-03,35,Arsenal FC,AFC Bournemouth,1,2,2.05484,1.41783
2024/2025,2025-05-04,35,Brentford FC,Manchester United FC,4,3,3.58737,1.13404
2024/2025,2025-05-04,35,Brighton & Hove Albion FC,Newcastle United FC,1,1,0.687863,1.63777
2024/2025,2025-05-04,35,West Ham United FC,Tottenham Hotspur FC,1,1,1.15166,0.847022
2024/2025,2025-05-04,35,Chelsea FC,Liverpool FC,3,1,3.51944,1.4267
2024/2025,2025-05-05,35,Crystal Palace FC,Nottingham Forest FC,1,1,2.34037,0.63684
2024/2025,2025-05-10,36,Fulham FC,Everton FC,1,3,1.20869,1.32604
2024/2025,2025-05-10,36,Ipswich Town FC,Brentford FC,0,1,0.717433,1.32077
2024/2025,2025-05-10,36,Southampton FC,Manchester City FC,0,0,0.136995,1.58463
2024/2025,2025-05-10,36,Wolverhampton Wanderers FC,Brighton & Hove Albion FC,0,2,0.73395,1.41254
2024/2025,2025-05-10,36,AFC Bournemouth,Aston Villa FC,0,1,1.02272,1.12376
2024/2025,2025-05-11,36,Newcastle United FC,Chelsea FC,2,0,1.6703,0.646426
2024/2025,2025-05-11,36,Manchester United FC,West Ham United FC,0,2,2.31287,2.15985
2024/2025,2025-05-11,36,Nottingham Forest FC,Leicester City FC,2,2,1.76909,1.22949
2024/2025,2025-05-11,36,Tottenham Hotspur FC,Crystal Palace FC,0,2,0.806792,3.98546
2024/2025,2025-05-11,36,Liverpool FC,Arsenal FC,2,2,2.74682,2.18795
2024/2025,2025-05-16,37,Aston Villa FC,Tottenham Hotspur FC,2,0,1.69061,0.523016
2024/2025,2025-05-16,37,Chelsea FC,Manchester United FC,1,0,1.29571,0.337632
2024/2025,2025-05-18,37,Everton FC,Southampton FC,2,0,2.67793,1.05025
2024/2025,2025-05-18,37,West Ham United FC,Nottingham Forest FC,1,2,0.850457,2.14756
2024/2025,2025-05-18,37,Brentford FC,Fulham FC,2,3,2.43045,1.61741
2024/2025,2025-05-18,37,Leicester City FC,Ipswich Town FC,2,0,0.788544,1.36957
2024/2025,2025-05-18,37,Arsenal FC,Newcastle United FC,1,0,1.15958,2.24634
2024/2025,2025-05-19,37,Brighton & Hove Albion FC,Liverpool FC,3,2,2.17789,3.065
2024/2025,2025-05-20,37,Crystal Palace FC,Wolverhampton Wanderers FC,4,2,1.68451,1.42886
2024/2025,2025-05-20,37,Manchester City FC,AFC Bournemouth,3,1,1.59779,0.962014
2024/2025,2025-05-25,38,AFC Bournemouth,Leicester City FC,2,0,2.72449,0.156702
2024/2025,2025-05-25,38,Fulham FC,Manchester City FC,0,2,2.21797,2.45923
2024/2025,2025-05-25,38,Ipswich Town FC,West Ham United FC,1,3,0.893095,0.967379
2024/2025,2025-05-25,38,Liverpool FC,Crystal Palace FC,1,1,1.92122,1.4144
2024/2025,2025-05-25,38,Manchester United FC,Aston Villa FC,2,0,2.96259,0.335222
2024/2025,2025-05-25,38,Newcastle United FC,Everton FC,0,1,1.1591,1.07279
2024/2025,2025-05-25,38,Nottingham Forest FC,Chelsea FC,0,1,1.58014,1.30874
2024/2025,2025-05-25,38,Southampton FC,Arsenal FC,1,2,0.598144,2.40711
2024/2025,2025-05-25,38,Tottenham Hotspur FC,Brighton & Hove Albion FC,1,4,1.85265,3.11624
2024/2025,2025-05-25,38,Wolverhampton Wanderers FC,Brentford FC,1,1,1.10889,1.97196
2025/2026,2025-08-15,1,Liverpool FC,AFC Bournemouth,4,2,2.33007,1.57303
2025/2026,2025-08-16,1,Aston Villa FC,Newcastle United FC,0,0,0.318601,1.40098
2025/2026,2025-08-16,1,Brighton & Hove Albion FC,Fulham FC,1,1,1.44008,0.902883
2025/2026,2025-08-16,1,Sunderland AFC,West Ham United FC,3,0,0.724368,0.558948
2025/2026,2025-08-16,1,Tottenham Hotspur FC,Burnley FC,3,0,1.97858,0.734138
2025/2026,2025-08-16,1,Wolverhampton Wanderers FC,Manchester City FC,0,4,0.519436,2.29903
2025/2026,2025-08-17,1,Nottingham Forest FC,Brentford FC,3,1,1.7555,1.32516
2025/2026,2025-08-17,1,Chelsea FC,Crystal Palace FC,0,0,1.36793,1.03414
2025/2026,2025-08-17,1,Manchester United FC,Arsenal FC,0,1,1.37653,1.3304
2025/2026,2025-08-18,1,Leeds United FC,Everton FC,1,0,2.3812,0.674338
2025/2026,2025-08-22,2,West Ham United FC,Chelsea FC,1,5,0.978572,3.94997
2025/2026,2025-08-23,2,Manchester City FC,Tottenham Hotspur FC,0,2,1.2475,1.28015
2025/2026,2025-08-23,2,AFC Bournemouth,Wolverhampton Wanderers FC,1,0,1.78462,0.373367
2025/2026,2025-08-23,2,Brentford FC,Aston Villa FC,1,0,1.12964,0.976852
2025/2026,2025-08-23,2,Burnley FC,Sunderland AFC,2,0,1.00381,1.12127
2025/2026,2025-08-23,2,Arsenal FC,Leeds United FC,5,0,2.73761,0.156761
2025/2026,2025-08-24,2,Crystal Palace FC,Nottingham Forest FC,1,1,1.10188,1.32987
2025/2026,2025-08-24,2,Everton FC,Brighton & Hove Albion FC,2,0,1.80116,2.08487
2025/2026,2025-08-24,2,Fulham FC,Manchester United FC,1,1,1.65333,1.54603
2025/2026,2025-08-25,2,Newcastle United FC,Liverpool FC,2,3,1.96342,0.646559
2025/2026,2025-08-30,3,Chelsea FC,Fulham FC,2,0,2.4324,0.736228
2025/2026,2025-08-30,3,Sunderland AFC,Brentford FC,2,1,1.57127,1.44604
2025/2026,2025-08-30,3,Manchester United FC,Burnley FC,3,2,4.02237,1.32618
2025/2026,2025-08-30,3,Tottenham Hotspur FC,AFC Bournemouth,0,1,0.17067,2.1201
2025/2026,2025-08-30,3,Wolverhampton Wanderers FC,Everton FC,2,3,0.943257,2.03791
2025/2026,2025-08-30,3,Leeds United FC,Newcastle United FC,0,0,0.6773,0.303635
2025/2026,2025-08-31,3,Brighton & Hove Albion FC,Manchester City FC,2,1,2.20864,2.13418
2025/2026,2025-08-31,3,Nottingham Forest FC,West Ham United FC,0,3,0.716018,2.236
2025/2026,2025-08-31,3,Liverpool FC,Arsenal FC,1,0,0.481404,0.485679
2025/2026,2025-08-31,3,Aston Villa FC,Crystal Palace FC,0,3,1.20586,2.59713
2025/2026,2025-09-13,4,Arsenal FC,Nottingham Forest FC,3,0,2.8817,0.293681
2025/2026,2025-09-13,4,AFC Bournemouth,Brighton & Hove Albion FC,2,1,1.44187,0.624923
2025/2026,2025-09-13,4,Crystal Palace FC,Sunderland AFC,0,0,1.75805,0.354129
2025/2026,2025-09-13,4,Everton FC,Aston Villa FC,0,0,1.8927,0.354327
2025/2026,2025-09-13,4,Fulham FC,Leeds United FC,1,0,1.13979,0.830398
2025/2026,2025-09-13,4,Newcastle United FC,Wolverhampton Wanderers FC,1,0,1.19186,0.375942
2025/2026,2025-09-13,4,West Ham United FC,Tottenham Hotspur FC,0,3,0.793248,1.51402
2025/2026,2025-09-13,4,Brentford FC,Chelsea FC,2,2,1.17533,0.755999
2025/2026,2025-09-14,4,Burnley FC,Liverpool FC,0,1,0.168041,2.79492
2025/2026,2025-09-14,4,Manchester City FC,Manchester United FC,3,0,1.99725,1.51915
2025/2026,2025-09-20,5,Liverpool FC,Everton FC,2,1,1.06166,0.721371
2025/2026,2025-09-20,5,Brighton & Hove Albion FC,Tottenham Hotspur FC,2,2,1.40466,1.19181
2025/2026,2025-09-20,5,Burnley FC,Nottingham Forest FC,1,1,1.14159,0.830779
2025/2026,2025-09-20,5,West Ham United FC,Crystal Palace FC,1,2,0.466365,2.33565
2025/2026,2025-09-20,5,Wolverhampton Wanderers FC,Leeds United FC,1,3,1.5661,0.456988
2025/2026,2025-09-20,5,Manchester United FC,Chelsea FC,2,1,1.34458,0.469843
2025/2026,2025-09-20,5,Fulham FC,Brentford FC,3,1,1.52431,0.826556
2025/2026,2025-09-21,5,AFC Bournemouth,Newcastle United FC,0,0,0.55066,0.153629
2025/2026,2025-09-21,5,Sunderland AFC,Aston Villa FC,1,1,0.938312,0.939354
2025/2026,2025-09-21,5,Arsenal FC,Manchester City FC,1,1,0.718575,1.1227
2025/2026,2025-09-27,6,Brentford FC,Manchester United FC,3,1,2.78726,2.23609
2025/2026,2025-09-27,6,Crystal Palace FC,Liverpool FC,2,1,3.53323,3.10176
2025/2026,2025-09-27,6,Chelsea FC,Brighton & Hove Albion FC,1,3,2.02653,2.4751
2025/2026,2025-09-27,6,Leeds United FC,AFC Bournemouth,2,2,2.04728,1.06033
2025/2026,2025-09-27,6,Manchester City FC,Burnley FC,5,1,3.22133,0.509491
2025/2026,2025-09-27,6,Nottingham Forest FC,Sunderland AFC,0,1,1.4203,1.94154
2025/2026,2025-09-27,6,Tottenham Hotspur FC,Wolverhampton Wanderers FC,1,1,0.818711,1.15951
2025/2026,2025-09-28,6,Aston Villa FC,Fulham FC,3,1,1.36575,0.952612
2025/2026,2025-09-28,6,Newcastle United FC,Arsenal FC,1,2,0.739851,2.07048
2025/2026,2025-09-29,6,Everton FC,West Ham United FC,1,1,0.909703,0.775766
2025/2026,2025-10-03,7,AFC Bournemouth,Fulham FC,3,1,1.33458,0.84335
2025/2026,2025-10-04,7,Leeds United FC,Tottenham Hotspur FC,1,2,1.48051,0.688198
2025/2026,2025-10-04,7,Arsenal FC,West Ham United FC,2,0,3.0585,0.864549
2025/2026,2025-10-04,7,Manchester United FC,Sunderland AFC,2,0,1.9298,0.807119
2025/2026,2025-10-04,7,Chelsea FC,Liverpool FC,2,1,1.23721,2.05981
2025/2026,2025-10-05,7,Aston Villa FC,Burnley FC,2,1,1.73572,0.502292
2025/2026,2025-10-05,7,Everton FC,Crystal Palace FC,2,1,2.13876,2.17789
2025/2026,2025-10-05,7,Newcastle United FC,Nottingham Forest FC,2,0,3.81662,0.337689
2025/2026,2025-10-05,7,Wolverhampton Wanderers FC,Brighton & Hove Albion FC,1,1,0.369404,1.39158
2025/2026,2025-10-05,7,Brentford FC,Manchester City FC,0,1,0.693758,1.09647
2025/2026,2025-10-18,8,Nottingham Forest FC,Chelsea FC,0,3,2.0555,2.5583
2025/2026,2025-10-18,8,Brighton & Hove Albion FC,Newcastle United FC,2,1,0.857104,1.28313
2025/2026,2025-10-18,8,Crystal Palace FC,AFC Bournemouth,3,3,4.56284,2.0471
2025/2026,2025-10-18,8,Burnley FC,Leeds United FC,2,0,0.509647,2.33152
2025/2026,2025-10-18,8,Manchester City FC,Everton FC,2,0,2.4799,0.794622
2025/2026,2025-10-18,8,Sunderland AFC,Wolverhampton Wanderers FC,2,0,1.02481,0.676323
2025/2026,2025-10-18,8,Fulham FC,Arsenal FC,0,1,0.502332,2.07823
2025/2026,2025-10-19,8,Tottenham Hotspur FC,Aston Villa FC,1,2,1.51461,0.352231
2025/2026,2025-10-19,8,Liverpool FC,Manchester United FC,1,2,2.60972,2.53117
2025/2026,2025-10-20,8,West Ham United FC,Brentford FC,0,2,0.260251,3.46635
2025/2026,2025-10-24,9,Leeds United FC,West Ham United FC,2,1,2.2214,0.498653
2025/2026,2025-10-25,9,Chelsea FC,Sunderland AFC,1,2,1.21332,1.5506
2025/2026,2025-10-25,9,Newcastle United FC,Fulham FC,2,1,2.76806,1.52001
2025/2026,2025-10-25,9,Manchester United FC,Brighton & Hove Albion FC,4,2,1.96231,0.947154
2025/2026,2025-10-25,9,Brentford FC,Liverpool FC,3,2,3.27126,2.11838
2025/2026,2025-10-26,9,AFC Bournemouth,Nottingham Forest FC,2,0,0.656601,0.305493
2025/2026,2025-10-26,9,Aston Villa FC,Manchester City FC,1,0,0.843906,1.36914
2025/2026,2025-10-26,9,Arsenal FC,Crystal Palace FC,1,0,0.856175,0.350534
2025/2026,2025-10-26,9,Wolverhampton Wanderers FC,Burnley FC,2,3,2.58132,1.54544
2025/2026,2025-10-26,9,Everton FC,Tottenham Hotspur FC,0,3,1.4032,2.09327
2025/2026,2025-11-01,10,Brighton & Hove Albion FC,Leeds United FC,3,0,2.64127,0.35919
2025/2026,2025-11-01,10,Crystal Palace FC,Brentford FC,2,0,0.734558,0.820498
2025/2026,2025-11-01,10,Burnley FC,Arsenal FC,0,2,0.679177,2.51649
2025/2026,2025-11-01,10,Fulham FC,Wolverhampton Wanderers FC,3,0,1.91207,0.209934
2025/2026,2025-11-01,10,Nottingham Forest FC,Manchester United FC,2,2,1.55066,0.91622
2025/2026,2025-11-01,10,Tottenham Hotspur FC,Chelsea FC,0,1,0.146954,3.34251
2025/2026,2025-11-01,10,Liverpool FC,Aston Villa FC,2,0,1.47021,0.43502
2025/2026,2025-11-02,10,West Ham United FC,Newcastle United FC,3,1,1.41383,0.523615
2025/2026,2025-11-02,10,Manchester City FC,AFC Bournemouth,3,1,2.48999,0.899846
2025/2026,2025-11-03,10,Sunderland AFC,Everton FC,1,1,1.18068,1.00741
2025/2026,2025-11-08,11,Tottenham Hotspur FC,Manchester United FC,2,2,1.35532,0.820256
2025/2026,2025-11-08,11,Everton FC,Fulham FC,2,0,2.30607,0.424478
2025/2026,2025-11-08,11,West Ham United FC,Burnley FC,3,2,2.96728,1.87478
2025/2026,2025-11-08,11,Sunderland AFC,Arsenal FC,2,2,1.20495,2.32943
2025/2026,2025-11-08,11,Chelsea FC,Wolverhampton Wanderers FC,3,0,3.98342,0.111462
2025/2026,2025-11-09,11,Aston Villa FC,AFC Bournemouth,4,0,1.88282,2.00992
2025/2026,2025-11-09,11,Crystal Palace FC,Brighton & Hove Albion FC,0,0,0.839547,0.637037
2025/2026,2025-11-09,11,Brentford FC,Newcastle United FC,3,1,2.73729,0.432277
2025/2026,2025-11-09,11,Nottingham Forest FC,Leeds United FC,3,1,2.49097,0.419461
2025/2026,2025-11-09,11,Manchester City FC,Liverpool FC,3,0,1.59542,1.0281
2025/2026,2025-11-22,12,Burnley FC,Chelsea FC,0,2,0.660943,1.72093
2025/2026,2025-11-22,12,AFC Bournemouth,West Ham United FC,2,2,3.48299,0.390782
2025/2026,2025-11-22,12,Brighton & Hove Albion FC,Brentford FC,2,1,0.977488,2.19979
2025/2026,2025-11-22,12,Fulham FC,Sunderland AFC,1,0,2.83729,0.222768
2025/2026,2025-11-22,12,Liverpool FC,Nottingham Forest FC,0,3,1.79273,1.19459
2025/2026,2025-11-22,12,Wolverhampton Wanderers FC,Crystal Palace FC,0,2,1.66409,1.44933
2025/2026,2025-11-22,12,Newcastle United FC,Manchester City FC,2,1,2.40555,2.45648
2025/2026,2025-11-23,12,Leeds United FC,Aston Villa FC,1,2,1.84668,1.35978
2025/2026,2025-11-23,12,Arsenal FC,Tottenham Hotspur FC,4,1,2.27827,0.0300672
2025/2026,2025-11-24,12,Manchester United FC,Everton FC,0,1,2.2737,0.155063
2025/2026,2025-11-29,13,Sunderland AFC,AFC Bournemouth,3,2,1.16955,1.79274
2025/2026,2025-11-29,13,Brentford FC,Burnley FC,3,1,3.72106,0.874025
2025/2026,2025-11-29,13,Manchester City FC,Leeds United FC,3,2,2.85292,1.75142
2025/2026,2025-11-29,13,Everton FC,Newcastle United FC,1,4,1.01125,2.45882
2025/2026,2025-11-29,13,Tottenham Hotspur FC,Fulham FC,1,2,1.04396,0.494736
2025/2026,2025-11-30,13,Crystal Palace FC,Manchester United FC,1,2,2.13561,1.47768
2025/2026,2025-11-30,13,Aston Villa FC,Wolverhampton Wanderers FC,1,0,1.15486,0.692588
2025/2026,2025-11-30,13,Nottingham Forest FC,Brighton & Hove Albion FC,0,2,0.960325,2.0572
2025/2026,2025-11-30,13,West Ham United FC,Liverpool FC,0,2,0.364152,1.56793
2025/2026,2025-11-30,13,Chelsea FC,Arsenal FC,1,1,0.791914,1.22828
2025/2026,2025-12-02,14,AFC Bournemouth,Everton FC,0,1,0.635415,1.19573
2025/2026,2025-12-02,14,Fulham FC,Manchester City FC,4,5,0.972635,1.96225
2025/2026,2025-12-02,14,Newcastle United FC,Tottenham Hotspur FC,2,2,1.88558,1.05205
2025/2026,2025-12-03,14,Brighton & Hove Albion FC,Aston Villa FC,3,4,1.96298,3.15745
2025/2026,2025-12-03,14,Arsenal FC,Brentford FC,2,0,2.63126,0.588716
2025/2026,2025-12-03,14,Burnley FC,Crystal Palace FC,0,1,1.16852,0.987797
2025/2026,2025-12-03,14,Wolverhampton Wanderers FC,Nottingham Forest FC,0,1,1.02461,1.12389
2025/2026,2025-12-03,14,Liverpool FC,Sunderland AFC,1,1,1.37633,0.712662
2025/2026,2025-12-03,14,Leeds United FC,Chelsea FC,3,1,2.2047,0.964018
2025/2026,2025-12-04,14,Manchester United FC,West Ham United FC,1,1,2.27674,1.36584
2025/2026,2025-12-06,15,Aston Villa FC,Arsenal FC,2,1,2.71986,1.85965
2025/2026,2025-12-06,15,AFC Bournemouth,Chelsea FC,0,0,1.41931,0.672602
2025/2026,2025-12-06,15,Everton FC,Nottingham Forest FC,3,0,1.25348,0.31234
2025/2026,2025-12-06,15,Manchester City FC,Sunderland AFC,3,0,2.41605,0.626486
2025/2026,2025-12-06,15,Newcastle United FC,Burnley FC,2,1,1.80708,1.58375
2025/2026,2025-12-06,15,Tottenham Hotspur FC,Brentford FC,2,0,2.42388,0.470563
2025/2026,2025-12-06,15,Leeds United FC,Liverpool FC,3,3,1.79333,2.04805
2025/2026,2025-12-07,15,Brighton & Hove Albion FC,West Ham United FC,1,1,2.10077,1.7064
2025/2026,2025-12-07,15,Fulham FC,Crystal Palace FC,1,2,0.766771,1.71109
2025/2026,2025-12-08,15,Wolverhampton Wanderers FC,Manchester United FC,1,4,0.262147,4.04708
2025/2026,2025-12-13,16,Chelsea FC,Everton FC,2,0,2.64457,1.34
2025/2026,2025-12-13,16,Liverpool FC,Brighton & Hove Albion FC,2,0,2.4127,1.69004
2025/2026,2025-12-13,16,Burnley FC,Fulham FC,2,3,2.05486,1.65053
2025/2026,2025-12-13,16,Arsenal FC,Wolverhampton Wanderers FC,2,1,1.61796,0.61997
2025/2026,2025-12-14,16,Sunderland AFC,Newcastle United FC,1,0,0.630045,0.169329
2025/2026,2025-12-14,16,Crystal Palace FC,Manchester City FC,0,3,1.30092,1.35317
2025/2026,2025-12-14,16,Nottingham Forest FC,Tottenham Hotspur FC,3,0,2.32658,0.380246
2025/2026,2025-12-14,16,West Ham United FC,Aston Villa FC,2,3,1.27701,0.595093
2025/2026,2025-12-14,16,Brentford FC,Leeds United FC,1,1,0.697006,1.63409
2025/2026,2025-12-15,16,Manchester United FC,AFC Bournemouth,4,4,3.21204,2.35196
2025/2026,2025-12-20,17,Newcastle United FC,Chelsea FC,2,2,2.87863,1.0261
2025/2026,2025-12-20,17,AFC Bournemouth,Burnley FC,1,1,1.81847,0.480528
2025/2026,2025-12-20,17,Brighton & Hove Albion FC,Sunderland AFC,0,0,0.919272,1.31044
2025/2026,2025-12-20,17,Manchester City FC,West Ham United FC,3,0,3.58188,1.02143
2025/2026,2025-12-20,17,Wolverhampton Wanderers FC,Brentford FC,0,2,1.26823,1.56309
2025/2026,2025-12-20,17,Tottenham Hotspur FC,Liverpool FC,1,2,1.34905,1.23164
2025/2026,2025-12-20,17,Everton FC,Arsenal FC,0,1,0.213273,1.84723
2025/2026,2025-12-20,17,Leeds United FC,Crystal Palace FC,4,1,2.90786,1.53058
2025/2026,2025-12-21,17,Aston Villa FC,Manchester United FC,2,1,1.86917,1.30455
2025/2026,2025-12-22,17,Fulham FC,Nottingham Forest FC,1,0,1.70568,0.486296
2025/2026,2025-12-26,18,Manchester United FC,Newcastle United FC,1,0,0.940811,1.12998
2025/2026,2025-12-27,18,Nottingham Forest FC,Manchester City FC,1,2,0.600141,1.46468
2025/2026,2025-12-27,18,Arsenal FC,Brighton & Hove Albion FC,2,1,2.54318,0.710064
2025/2026,2025-12-27,18,Brentford FC,AFC Bournemouth,4,1,2.8513,2.56183
2025/2026,2025-12-27,18,Burnley FC,Everton FC,0,0,1.24948,1.25204
2025/2026,2025-12-27,18,Liverpool FC,Wolverhampton Wanderers FC,2,1,1.56502,0.780664
2025/2026,2025-12-27,18,West Ham United FC,Fulham FC,0,1,1.13719,1.11436
2025/2026,2025-12-27,18,Chelsea FC,Aston Villa FC,1,2,1.97155,2.05918
2025/2026,2025-12-28,18,Sunderland AFC,Leeds United FC,1,1,0.805957,2.60653
2025/2026,2025-12-28,18,Crystal Palace FC,Tottenham Hotspur FC,0,1,0.929681,0.870768
2025/2026,2025-12-30,19,Burnley FC,Newcastle United FC,1,3,1.32551,2.49248
2025/2026,2025-12-30,19,Chelsea FC,AFC Bournemouth,2,2,2.33294,3.49142
2025/2026,2025-12-30,19,Nottingham Forest FC,Everton FC,0,2,1.75445,1.69525
2025/2026,2025-12-30,19,West Ham United FC,Brighton & Hove Albion FC,2,2,2.27644,3.08914
2025/2026,2025-12-30,19,Arsenal FC,Aston Villa FC,4,1,4.41335,2.94195
2025/2026,2025-12-30,19,Manchester United FC,Wolverhampton Wanderers FC,1,1,1.13306,1.21784
2025/2026,2026-01-01,19,Crystal Palace FC,Fulham FC,1,1,2.35346,1.75434
2025/2026,2026-01-01,19,Liverpool FC,Leeds United FC,0,0,1.67833,0.15936
2025/2026,2026-01-01,19,Sunderland AFC,Manchester City FC,0,0,0.962141,2.44247
2025/2026,2026-01-01,19,Brentford FC,Tottenham Hotspur FC,0,0,0.556304,0.608309
2025/2026,2026-01-03,20,Aston Villa FC,Nottingham Forest FC,3,1,1.42988,0.8982
2025/2026,2026-01-03,20,Brighton & Hove Albion FC,Burnley FC,2,0,1.4717,0.254551
2025/2026,2026-01-03,20,Wolverhampton Wanderers FC,West Ham United FC,3,0,2.23925,0.235678
2025/2026,2026-01-03,20,AFC Bournemouth,Arsenal FC,2,3,0.947846,1.28
2025/2026,2026-01-04,20,Leeds United FC,Manchester United FC,1,1,0.970138,1.94781
2025/2026,2026-01-04,20,Everton FC,Brentford FC,2,4,1.00566,3.05179
2025/2026,2026-01-04,20,Newcastle United FC,Crystal Palace FC,2,0,2.72764,1.27825
2025/2026,2026-01-04,20,Tottenham Hotspur FC,Sunderland AFC,1,1,1.4175,0.467481
2025/2026,2026-01-04,20,Fulham FC,Liverpool FC,2,2,0.609182,1.7188
2025/2026,2026-01-04,20,Manchester City FC,Chelsea FC,1,1,1.03049,2.03726
2025/2026,2026-01-06,21,West Ham United FC,Nottingham Forest FC,1,2,1.73697,1.26683
2025/2026,2026-01-07,21,AFC Bournemouth,Tottenham Hotspur FC,3,2,1.19014,1.6261
2025/2026,2026-01-07,21,Crystal Palace FC,Aston Villa FC,0,0,1.32505,2.07015
2025/2026,2026-01-07,21,Brentford FC,Sunderland AFC,3,0,3.86096,1.50644
2025/2026,2026-01-07,21,Everton FC,Wolverhampton Wanderers FC,1,1,1.63321,0.71329
2025/2026,2026-01-07,21,Fulham FC,Chelsea FC,2,1,1.06013,2.45107
2025/2026,2026-01-07,21,Manchester City FC,Brighton & Hove Albion FC,1,1,2.95904,1.33162
2025/2026,2026-01-07,21,Burnley FC,Manchester United FC,2,2,0.31971,2.52488
2025/2026,2026-01-07,21,Newcastle United FC,Leeds United FC,4,3,2.43495,2.35318
2025/2026,2026-01-08,21,Arsenal FC,Liverpool FC,0,0,0.701832,0.318642
2025/2026,2026-01-17,22,Manchester United FC,Manchester City FC,2,0,3.07278,0.387015
2025/2026,2026-01-17,22,Sunderland AFC,Crystal Palace FC,2,1,1.84601,1.15169
2025/2026,2026-01-17,22,Chelsea FC,Brentford FC,2,0,1.62263,1.47521
2025/2026,2026-01-17,22,Liverpool FC,Burnley FC,1,1,3.49045,0.546971
2025/2026,2026-01-17,22,Leeds United FC,Fulham FC,1,0,2.16898,0.258796
2025/2026,2026-01-17,22,Tottenham Hotspur FC,West Ham United FC,1,2,1.65292,2.76761
2025/2026,2026-01-17,22,Nottingham Forest FC,Arsenal FC,0,0,0.318481,2.86323
2025/2026,2026-01-18,22,Wolverhampton Wanderers FC,Newcastle United FC,0,0,0.390216,0.813313
2025/2026,2026-01-18,22,Aston Villa FC,Everton FC,0,1,0.905393,0.745859
2025/2026,2026-01-19,22,Brighton & Hove Albion FC,AFC Bournemouth,1,1,0.995777,1.69737
2025/2026,2026-01-24,23,West Ham United FC,Sunderland AFC,3,1,2.18675,0.713838
2025/2026,2026-01-24,23,Burnley FC,Tottenham Hotspur FC,2,2,1.54884,2.59093
2025/2026,2026-01-24,23,Fulham FC,Brighton & Hove Albion FC,2,1,1.13243,1.94652
2025/2026,2026-01-24,23,Manchester City FC,Wolverhampton Wanderers FC,2,0,1.0654,0.542683
2025/2026,2026-01-24,23,AFC Bournemouth,Liverpool FC,3,2,3.31474,0.937335
2025/2026,2026-01-25,23,Crystal Palace FC,Chelsea FC,1,3,2.41793,3.08817
2025/2026,2026-01-25,23,Brentford FC,Nottingham Forest FC,0,2,2.00413,1.38958
2025/2026,2026-01-25,23,Newcastle United FC,Aston Villa FC,0,2,1.95484,1.32143
2025/2026,2026-01-25,23,Arsenal FC,Manchester United FC,2,3,1.42411,0.640902
2025/2026,2026-01-26,23,Everton FC,Leeds United FC,1,1,0.889916,1.6766
2025/2026,2026-01-31,24,Brighton & Hove Albion FC,Everton FC,1,1,1.42825,1.28126
2025/2026,2026-01-31,24,Leeds United FC,Arsenal FC,0,4,0.17871,3.54427
2025/2026,2026-01-31,24,Wolverhampton Wanderers FC,AFC Bournemouth,0,2,2.10353,1.59116
2025/2026,2026-01-31,24,Chelsea FC,West Ham United FC,3,2,2.66133,1.72585
2025/2026,2026-01-31,24,Liverpool FC,Newcastle United FC,4,1,3.09973,0.284319
2025/2026,2026-02-01,24,Aston Villa FC,Brentford FC,0,1,2.15316,0.314916
2025/2026,2026-02-01,24,Manchester United FC,Fulham FC,3,2,1.84362,1.71998
2025/2026,2026-02-01,24,Nottingham Forest FC,Crystal Palace FC,1,1,0.987254,1.648
2025/2026,2026-02-01,24,Tottenham Hotspur FC,Manchester City FC,2,2,1.49738,2.03614
2025/2026,2026-02-02,24,Sunderland AFC,Burnley FC,3,0,1.8865,0.126371
2025/2026,2026-02-06,25,Leeds United FC,Nottingham Forest FC,3,1,3.38179,1.6608
2025/2026,2026-02-07,25,Manchester United FC,Tottenham Hotspur FC,2,0,2.16576,0.593404
2025/2026,2026-02-07,25,AFC Bournemouth,Aston Villa FC,1,1,1.82646,0.646496
2025/2026,2026-02-07,25,Arsenal FC,Sunderland AFC,3,0,1.19401,0.427225
2025/2026,2026-02-07,25,Burnley FC,West Ham United FC,0,2,1.84644,1.1223
2025/2026,2026-02-07,25,Fulham FC,Everton FC,1,2,2.20126,1.88778
2025/2026,2026-02-07,25,Wolverhampton Wanderers FC,Chelsea FC,1,3,1.11372,3.76278
2025/2026,2026-02-07,25,Newcastle United FC,Brentford FC,2,3,3.3215,1.65022
2025/2026,2026-02-08,25,Brighton & Hove Albion FC,Crystal Palace FC,0,1,0.737798,0.928404
2025/2026,2026-02-08,25,Liverpool FC,Manchester City FC,1,2,1.26652,2.41476
2025/2026,2026-02-10,26,Chelsea FC,Leeds United FC,2,2,3.21176,1.28948
2025/2026,2026-02-10,26,Everton FC,AFC Bournemouth,1,2,2.33114,1.4121
2025/2026,2026-02-10,26,Tottenham Hotspur FC,Newcastle United FC,1,2,1.68925,2.46991
2025/2026,2026-02-10,26,West Ham United FC,Manchester United FC,1,1,1.30746,0.735767
2025/2026,2026-02-11,26,Aston Villa FC,Brighton & Hove Albion FC,1,0,0.576138,0.481306
2025/2026,2026-02-11,26,Manchester City FC,Fulham FC,3,0,1.67722,1.05283
2025/2026,2026-02-11,26,Nottingham Forest FC,Wolverhampton Wanderers FC,0,0,3.69094,0.406959
2025/2026,2026-02-11,26,Crystal Palace FC,Burnley FC,2,3,2.1276,0.691273
2025/2026,2026-02-11,26,Sunderland AFC,Liverpool FC,0,1,0.693794,3.08172
2025/2026,2026-02-12,26,Brentford FC,Arsenal FC,1,1,1.81154,0.78418
2025/2026,2026-02-18,31,Wolverhampton Wanderers FC,Arsenal FC,2,2,0.173119,2.01018
2025/2026,2026-02-21,27,Aston Villa FC,Leeds United FC,1,1,1.25439,1.27855
2025/2026,2026-02-21,27,Brentford FC,Brighton & Hove Albion FC,0,2,1.69023,1.37203
2025/2026,2026-02-21,27,Chelsea FC,Burnley FC,1,1,2.51534,1.01255
2025/2026,2026-02-21,27,West Ham United FC,AFC Bournemouth,0,0,2.34412,0.522731
2025/2026,2026-02-21,27,Manchester City FC,Newcastle United FC,2,1,2.22648,0.507954
2025/2026,2026-02-22,27,Sunderland AFC,Fulham FC,1,3,1.7609,2.16696
2025/2026,2026-02-22,27,Crystal Palace FC,Wolverhampton Wanderers FC,1,0,2.03559,1.67749
2025/2026,2026-02-22,27,Nottingham Forest FC,Liverpool FC,0,1,0.934768,2.39634
2025/2026,2026-02-22,27,Tottenham Hotspur FC,Arsenal FC,1,4,0.383264,3.31701
2025/2026,2026-02-23,27,Everton FC,Manchester United FC,0,1,0.560924,1.4547
2025/2026,2026-02-27,28,Wolverhampton Wanderers FC,Aston Villa FC,2,0,1.50771,1.31328
2025/2026,2026-02-28,28,AFC Bournemouth,Sunderland AFC,1,1,1.82434,1.07887
2025/2026,2026-02-28,28,Burnley FC,Brentford FC,3,4,0.823824,2.44595
2025/2026,2026-02-28,28,Liverpool FC,West Ham United FC,5,2,2.09939,1.3517
2025/2026,2026-02-28,28,Newcastle United FC,Everton FC,2,3,1.11889,2.40731
2025/2026,2026-02-28,28,Leeds United FC,Manchester City FC,0,1,1.37824,2.46834
2025/2026,2026-03-01,28,Brighton & Hove Albion FC,Nottingham Forest FC,2,1,1.20107,0.83055
2025/2026,2026-03-01,28,Fulham FC,Tottenham Hotspur FC,2,1,2.3207,0.952091
2025/2026,2026-03-01,28,Manchester United FC,Crystal Palace FC,2,1,2.34609,0.384699
2025/2026,2026-03-01,28,Arsenal FC,Chelsea FC,2,1,1.71598,1.35268
2025/2026,2026-03-03,29,AFC Bournemouth,Brentford FC,0,0,2.3177,0.673328
2025/2026,2026-03-03,29,Everton FC,Burnley FC,2,0,1.15845,0.762229
2025/2026,2026-03-03,29,Leeds United FC,Sunderland AFC,0,1,0.888232,0.843856
2025/2026,2026-03-03,29,Wolverhampton Wanderers FC,Liverpool FC,2,1,0.636033,2.17217
2025/2026,2026-03-04,29,Aston Villa FC,Chelsea FC,1,4,1.06854,3.38883
2025/2026,2026-03-04,29,Brighton & Hove Albion FC,Arsenal FC,0,1,0.919228,0.514803
2025/2026,2026-03-04,29,Fulham FC,West Ham United FC,0,1,0.628123,1.49528
2025/2026,2026-03-04,29,Manchester City FC,Nottingham Forest FC,2,2,2.72655,1.23642
2025/2026,2026-03-04,29,Newcastle United FC,Manchester United FC,2,1,1.96637,1.80571
2025/2026,2026-03-05,29,Tottenham Hotspur FC,Crystal Palace FC,1,3,1.29615,1.91515
2025/2026,2026-03-14,30,Sunderland AFC,Brighton & Hove Albion FC,0,1,0.659083,1.12832
2025/2026,2026-03-14,30,Burnley FC,AFC Bournemouth,0,0,1.67695,2.36979
2025/2026,2026-03-14,30,Arsenal FC,Everton FC,2,0,1.90855,1.17847
2025/2026,2026-03-14,30,Chelsea FC,Newcastle United FC,0,1,1.72508,1.03251
2025/2026,2026-03-14,30,West Ham United FC,Manchester City FC,1,1,0.488982,1.9546
2025/2026,2026-03-15,30,Crystal Palace FC,Leeds United FC,0,0,0.525205,1.13558
2025/2026,2026-03-15,30,Manchester United FC,Aston Villa FC,3,1,1.67823,1.21071
2025/2026,2026-03-15,30,Nottingham Forest FC,Fulham FC,0,0,0.821011,0.933988
2025/2026,2026-03-15,30,Liverpool FC,Tottenham Hotspur FC,1,1,1.30076,1.15636
2025/2026,2026-03-16,30,Brentford FC,Wolverhampton Wanderers FC,2,2,2.7966,1.80044
2025/2026,2026-03-20,31,AFC Bournemouth,Manchester United FC,2,2,1.76664,1.74574
2025/2026,2026-03-21,31,Brighton & Hove Albion FC,Liverpool FC,2,1,3.42956,0.956801
2025/2026,2026-03-21,31,Fulham FC,Burnley FC,3,1,3.48438,1.92556
2025/2026,2026-03-21,31,Everton FC,Chelsea FC,3,0,1.44532,1.35143
2025/2026,2026-03-21,31,Leeds United FC,Brentford FC,0,0,0.417296,0.302221
2025/2026,2026-03-22,31,Newcastle United FC,Sunderland AFC,1,2,1.26705,2.66657
2025/2026,2026-03-22,31,Aston Villa FC,West Ham United FC,2,0,2.48528,0.760054
2025/2026,2026-03-22,31,Tottenham Hotspur FC,Nottingham Forest FC,0,3,1.6189,1.54408
